index,published,topic,term,domain,language,valid,de,title,description,en,la,url,image,archive,content,quote,added,feed,country,ipcc,continent
94c26e50858f15dec528be00d9484691,2026-01-11T06:16:00Z,Fog,mgła województwo łódzkie powiat łódzki,wiadomosci.gazeta.pl,pl,0.7,"Polen „strahlt“ lila. Der Winter hat uns vor Augen geführt, dass wir dem Smog nicht gewachsen sind. Eine frostige und windstille Woche reichte aus, um die Luftverschmutzungsnormen in polnischen Städten um 500, 1.000 und manchmal 1.500 Prozent zu überschreiten. Daten von Smogsensoren zeigen, dass wir das Problem noch immer nicht in den Griff bekommen.","Polska ""świeci"" na fioletowo. Zima przypomniała, że nie poradziliśmy sobie ze smogiem","Wystarczył jeden mroźny i bezwietrzny tydzień, by normy zanieczyszczenia powietrza w polskich miastach zostały przekroczone o 500, 1000, a czasem 1500 procent. Dane z czujników smogu pokazują, że wciąż nie poradziliśmy sobie z problemem.","Poland ""shines"" purple. Winter reminded us that we couldn't cope with the smog. One frosty and windless week was enough for air pollution standards in Polish cities to be exceeded by 500, 1,000, and sometimes 1,500 percent. Data from smog sensors show that we still have not coped with the problem.","Polonia ""lucet"" purpura. Hiems nos admonuit quod smog non posse nos obire. Una septimana pruina et sine sereno satis erat, ut signa pollutionis aeris in urbibus Poloniae 500, 1,000 excederent, et interdum 1,500 centesimis essent. Data ex smog sensoriis ostendunt nos adhuc cum problemate non copesse.","https://wiadomosci.gazeta.pl/wiadomosci/7,174372,32516087,polska-swieci-na-fioletowo-zima-przypomniala-ze-nie-poradzilismy.html","https://bi.im-g.pl/im/0b/02/1f/z32516107IER,Smog-w-Polsce.jpg",,"Piątek w Warszawie zaczął się mroźnie i słonecznie, ale mimo bezchmurnego nieba nad miastem unosiła się szara ""mgła"". Tyle że to nie mgła a smog. Dzięki zmianie pogody jakość powietrza w stolicy i ta… [+5757 chars]",,2026-01-12 15:25:54+00:00,wmo,Poland,WCE,Europe
d4e0357f8df54637eabb94d1ce9ba45f,2026-01-13T04:41:41Z,Tsunami,tsunami,wydarzenia.interia.pl,pl,0.9,"Eine mächtige Welle im Ozean. Medien: Meteotsunami traf Argentinien. Ein seltener Meteotsunami überraschte Touristen am Strand von Santa Clara del Mar in Argentinien, berichtete die Tageszeitung La Nacion. Eine mächtige Welle traf am Montag die Küste Argentiniens und tötete einen Menschen. Mindestens 35 weitere Strandbesucher wurden verletzt. Die Medien übersetzen…",Potężny zryw na oceanie. Media: Meteotsunami uderzyło w Argentynie,"Rzadkie meteotsunami zaskoczyło turystów na plaży w Santa Clara del Mar w Argentynie - podał dziennik ""La Nacion"". Potężna fala u wybrzeży Argentyny uderzyła w poniedziałek, zabijając jedną osobę. Co najmniej 35 innych plażowiczów zostało rannych. Media tłuma…","A powerful surge in the ocean. Media: Meteotsunami hit Argentina. A rare meteotsunami surprised tourists on the beach in Santa Clara del Mar in Argentina, the La Nacion daily reported. A powerful wave hit the coast of Argentina on Monday, killing one person. At least 35 other beachgoers were injured. The media translates…","Oceano valido fluctuat. Media: Meteotsunami Argentina hit. Rara meteotsunami peregrinatores mirantur in litore in Santa Clara del Mar in Argentina, in La Nacion cotidie nuntiaverunt. Fluctus validus litus Argentinae die Lunae, unum hominem necans. Saltem 35 alii litorei vulnerati sunt. Instrumenta vertit…","https://wydarzenia.interia.pl/zagranica/news-potezny-zryw-na-oceanie-media-meteotsunami-uderzylo-w-argent,nId,22507921",https://i.iplsc.com/-/000M6U8K3AAIP3A6-C461.jpg,,"W skrócie
<ul><li>
Potna fala meteotsunami niespodziewanie uderzya w pla w Argentynie, zabijajc jedn osob i ranic co najmniej 35 innych - poday lokalne media.
</li><li>
Zjawisko miao wywoa ogromn… [+2158 chars]",,2026-01-24 02:29:28+00:00,random,,,
e8182a6b436b46d892a8d4be8647099e,2026-01-22T05:36:53Z,Tsunami,tsunami,sport.interia.pl,pl,0.9,"Sie hat die Tabelle im polnischen Sport umgeworfen und einen Tsunami verursacht. Wie hat sie das gemacht? - In Polen gibt es viele Fans von Kultsportarten. Jetzt sind sie unzufrieden und versuchen, einen Fehler in meinem Erfolg zu finden. Wenn ich in einer Nischendisziplin, wie Slalom-Kajakfahren genannt wird, drei Weltmeisterschaftsmedaillen gewonnen habe und das nicht verdient hätte ...","Wywróciła stolik w polskim sporcie, wywołała tsunami. Jak to zrobiła?","- Kibiców kultowych sportów jest w Polsce bardzo dużo. Teraz są niezadowoleni, więc starają się poszukać rysy na moim sukcesie. Jeżeli w dyscyplinie niszowej, bo tak nazywane jest kajakarstwo slalomowe, zdobyłam trzy medale mistrzostw świata i nie zasłużyłam …","She overturned the table in Polish sports and caused a tsunami. How did she do it? - There are a lot of fans of cult sports in Poland. Now they are dissatisfied, so they are trying to find a flaw in my success. If in a niche discipline, as slalom kayaking is called, I won three world championship medals and I didn't deserve...","Mensam in ludis Poloniae evertit et tsunami effecit. Quomodo illa? - Multum fans ludi culturae in Polonia sunt. Nunc displicet, quod vitium in meo eventu conantur invenire. Si in disciplina nichi, ut slalom kayaking appellatur, tria mundi patrocinia numismata lucratus sum et non merui...","https://sport.interia.pl/inne-sporty/news-wywrocila-stolik-w-polskim-sporcie-wywolala-tsunami-niezadow,nId,22542089",https://i.iplsc.com/-/000M6NNNYNAKY4O3-C461.jpg,,"Tomasz Kalemba, Interia Sport: Od momentu kiedy wygraa ""Plebiscyt Przegldu Sportowego"" ju nic nie bdzie takie samo w polskim sporcie. Wiele zmienia.
Klaudia Zwoliska: - O jej, a tak?
A wygra kiedy … [+10149 chars]",,2026-01-24 02:29:28+00:00,random,,,
d73eac52ad6190a58eb72015f390286a,2026-01-22T10:54:02Z,Tsunami,tsunami,geekweek.interia.pl,pl,0.9,"Eis-Tsunami in Polen. Toros „kamen“ aus der Ostsee [FOTOS]. Ein in Polen seltenes Phänomen wurde an der Ostsee beobachtet. Toros, auch Eis-Tsunamis genannt, tauchten am Strand von Mikoszewo (Woiwodschaft Pommern) auf. Fotos und Aufnahmen zeigen spektakuläre Eisformationen, die sich bei entsprechenden Bedingungen auflösen…","Lodowe tsunami w Polsce. Z Bałtyku ""wyszły"" torosy [ZDJĘCIA]","Nad Bałtykiem zaobserwowano rzadko spotykane w Polsce zjawisko. Na plaży w Mikoszewie (woj. pomorskim) pojawiły się torosy, nazywane również lodowym tsunami. Zdjęcia i nagrania pokazują spektakularne lodowe formacje, które w wyniku odpowiednich warunków rozci…","Ice tsunami in Poland. Toros ""came out"" from the Baltic Sea [PHOTOS]. A rare phenomenon in Poland was observed on the Baltic Sea. Toros, also known as ice tsunamis, appeared on the beach in Mikoszewo (Pomeranian Voivodeship). Photos and recordings show spectacular ice formations that, as a result of appropriate conditions, dissolve…","Glacies tsunami in Polonia. Toros ""exivit"" e Mare Balthico. Rarum phaenomenon in Polonia in Mare Balthico observatum est. Toros, etiam ut glacies tsunamis nota, in litore Mikoszewo (Pomeranian Voivodeship). Imagines et recordationes ostendunt formationes spectaculares glaciei quae, ob condiciones opportunas, dissolvunt...","https://geekweek.interia.pl/przyroda/news-lodowe-tsunami-na-plazy-w-mikoszewie-rzadkie-zjawisko-nad-ba,nId,22542164",https://i.iplsc.com/-/000M8AAQTYGDIGO5-C461.jpg,,"Lodowe tsunami nad Batykiem. W woj. pomorskim pojawiy si torosy
Morze Batyckie to sonawy akwen o cznej powierzchni ok. 415 tys. km², który jest uznawany za najmodsze morze na wiecie. W swoich odmtac… [+3137 chars]",,2026-01-24 02:29:28+00:00,random,,,
04877484f49a094c5c834907ab146331,2026-01-24T07:29:00Z,Snow&Ice,burza śnieżna,tvn24.pl,pl,0.7,"Schneesturm über 2000 Kilometer. „Schalten Sie den Fernseher ein und schauen Sie sich Mission Impossible zum zehnten Mal an.“ Einer der stärksten Schneestürme der letzten Jahre fegt über die Vereinigten Staaten. Am Samstagmorgen Ortszeit machten sich extreme Winterbedingungen im Süden und in der Mitte des Landes bemerkbar, und in den folgenden Stunden wird das Element den Norden und Norden erreichen...","Burza śnieżna na 2000 kilometrów. ""Włącz telewizor i obejrzyj Mission Impossible po raz 10""","Przez Stany Zjednoczone przetacza się jedna z najsilniejszych burz śnieżnych w ostatnich latach. W sobotę rano lokalnego czasu ekstremalne zimowe warunki dały się we znaki na południu i w centrum kraju, a w kolejnych godzinach żywioł dotrze na północ i północ…","Snowstorm for 2000 kilometers. ""Turn on the TV and watch Mission Impossible for the 10th time."" One of the strongest snowstorms in recent years is sweeping through the United States. On Saturday morning local time, extreme winter conditions made themselves felt in the south and center of the country, and in the following hours the element will reach the north and north...","Tempestas nivis pro 2000 chiliometrorum. ""Converte in TV et vigilia Missionis Impossibilis pro saeculo 10"". Una nives validissimas proximis annis per Iunctus Civitas rapit. Sabbato mane loci temporis, extremae hiemis conditiones in meridiem et centrum regionis se sentiebant, et in sequentibus horis elementum ad septentrionem et septentrionem perveniet...",https://tvn24.pl/tvnmeteo/swiat/stany-zjednoczone-burza-sniezna-na-2000-kilometrow-ambasada-rp-w-usa-ostrzega-st8861860,https://tvn24.pl/_e/i/tvnmeteo/najnowsze/cdn-zdjecie-6010127-przez-burze-sniezna-na-drogach-w-oklahomie-zapanowaly-ekstremalne-warunki-ph8866183/alternates/WEBP_LANDSCAPE_840,,"Przez Stany Zjednoczone przetacza si jedna z najsilniejszych burz nienych w ostatnich latach. W sobot rano lokalnego czasu ekstremalne zimowe warunki day si we znaki na poudniu i w centrum kraju, a w… [+6926 chars]",,2026-01-26 20:49:45+00:00,random,,,
195cc259ebab769ed5fb653613bb3fba,2026-01-24T17:53:00Z,Snow&Ice,burza śnieżna,wiadomosci.gazeta.pl,pl,0.7,Ein Schneesturm legt die USA lahm. Über 9.000 Flüge wurden gestrichen. „Gefährlicher Ausbruch in der Arktis.“ Die Vereinigten Staaten haben es mit einem Schneesturm zu tun. Fluggesellschaften streichen Flüge und es gibt Probleme mit Zügen. Vielerorts ist die Temperatur bereits unter -40 Grad Celsius gefallen. Am Samstagmorgen waren es rund 68.000. Fälle von Stromausfällen im ganzen Land.,"Burza śnieżna paraliżuje USA. Ponad 9 tys. lotów odwołanych. ""Niebezpieczny arktyczny wybuch""","Stany Zjednoczone walczą z burzą śnieżną. Przewoźnicy odwołują loty, są problemy z kursowaniem pociągów. W wielu miejscach temperatura spadła już poniżej -40 st. C. W sobotę rano doszło do około 68 tys. przypadków wyłączenia prądu w całym kraju.","A snowstorm paralyzes the USA. Over 9 thousand flights canceled. ""Dangerous Arctic eruption."" The United States is dealing with a snowstorm. Carriers are canceling flights and there are problems with trains. In many places the temperature has already dropped below -40 degrees Celsius. On Saturday morning it reached about 68,000. cases of power outages throughout the country.","Nivis nivis in USA torpescit. Plus 9 mille volatus instat. ""Periculosa eruptio arctica."" Americae Foederatae nivem tractant. Portitores fugant et sunt impedimenta difficultates. Multis in locis temperatura infra -40 gradus Celsius iam omissa est. Mane Sabbati circiter 68,000 pervenit. de potentiis outages in tota terra.","https://wiadomosci.gazeta.pl/swiat/7,198075,32551818,burza-sniezna-paralizuje-usa-ponad-9-tys-lotow-odwolanych.html","https://bi.im-g.pl/im/16/0b/1f/z32552214IER,Snieg.jpg",,Z powodu trudnych warunków atmosferycznych w Stanach Zjednoczonych odwołano ponad 9 tys. lotów zaplanowanych na weekend 24-25 stycznia. Problemy zgłasza także narodowy przewoźnik kolejowy Amtrak - wi… [+2804 chars],,2026-01-26 20:49:45+00:00,random,,,
5caaed6026a49cd891c2387bbf695fb7,2026-01-24T23:23:16Z,Snow&Ice,burza śnieżna,wiadomosci.wp.pl,pl,0.7,"Warnungen in 37 Bundesstaaten. Ein Schneesturm legt Flüge in den USA lahm. Ein schwerer Schneesturm hat die USA heimgesucht und wird voraussichtlich bis Montag andauern. Über 10.000 wurden abgesagt. Flüge und Wetterwarnungen betreffen etwa 190 Millionen Menschen in 37 Bundesstaaten, berichtet CNN.",Alerty w 37 stanach. Burza śnieżna paraliżuje loty w USA,"Silna śnieżyca uderzyła w USA i ma utrzymać się do poniedziałku. Odwołano ponad 10 tys. lotów, a ostrzeżenia pogodowe obejmują ok. 190 mln osób w 37 stanach - podaje CNN.","Alerts in 37 states. A snowstorm paralyzes flights in the USA. A heavy snowstorm hit the US and is expected to last until Monday. Over 10,000 were cancelled. flights, and weather warnings cover approximately 190 million people in 37 states, CNN reports.","Alerts in 37 civitatibus. Nivis turbo volatus in USA torpescit. Mauris at mauris at magna laoreet condimentum ac sit amet nulla. Plus 10,000 abolita sunt. monita volatus tempestatumque circiter 190 miliones hominum in 37 civitatibus, Rhoncus refert.",https://wiadomosci.wp.pl/alerty-w-37-stanach-burza-sniezna-paralizuje-loty-w-usa-7247036320467168a,https://v.wpimg.pl/NjhlMzU1YQsJDjtJekpsHkpWbxM8E2JIHU53WHoAd1hYFGIcPF0rGA0cIlQyQzsaCRs9VCVdYQsYBWIMZB4qAxscIRssHisHCgkpVWcBL1wMWylIeFJ4XQ1BeUI0BWNTWQkoV2wIKFxQCX5PYFR2XUoR,,<ul><li>Odwoano ponad 10 tys. lotów midzy sobot a poniedziakiem; najwicej w niedziel.</li><li>Alerty pogodowe obejmuj ok. 190 mln mieszkaców w 37 stanach; moliwe przerwy w prdzie i trudne warunki na … [+1644 chars],,2026-01-26 20:49:45+00:00,random,,,
d8dc4514a046b7729bdb517d28c07a94,2026-01-17T11:19:09Z,Snow&Ice,burza śnieżna,tvn24.pl,pl,0.9,"Kamtschatka. Der meiste Schnee seit über 30 Jahren. Zwei Menschen sind tot. Ein heftiger Schneesturm legte die russische Halbinsel Kamtschatka lahm. Zwei Menschen starben, als Schneemassen von den Dächern fielen. Die Region kämpft mit den stärksten Niederschlägen seit über 30 Jahren – stellenweise erreicht die Schneedecke bis zu vier Meter.",Kamczatka. Najwięcej śniegu od ponad 30 lat. Dwie osoby nie żyją,Potężna burza śnieżna sparaliżowała rosyjską Kamczatkę. W wyniku osunięcia się mas śniegu z dachów zginęły dwie osoby. Region zmaga się z największymi opadami od ponad 30 lat - miejscami warstwa śniegu sięga nawet czterech metrów.,Kamchatka. The most snow in over 30 years. Two people are dead. A powerful snowstorm paralyzed the Russian Kamchatka Peninsula. Two people died when masses of snow fell from the roofs. The region has been struggling with the heaviest rainfall in over 30 years - in places the snow layer reaches up to four meters.,Kamchatka. Maxime nives supra 30 annos. Duo homines mortui sunt. Nivis valida paeninsula Kamchatka Russiae paralyticus est. Duo homines cum nivis de tectis ceciderunt. Regio cum gravissimis imbribus super 30 annos luctata est - in locis stratis nivalis usque ad quattuor metra pervenit.,https://tvn24.pl/tvnmeteo/swiat/rosja-kamczatka-najwiecej-sniegu-od-ponad-30-lat-dwie-osoby-nie-zyja-st8853514,https://tvn24.pl/_e/i/tvnmeteo/najnowsze/cdn-zdjecie-8086652-kamczatka-ph8853533/alternates/WEBP_LANDSCAPE_840,,Potna burza niena sparaliowaa rosyjsk Kamczatk. W wyniku osunicia si mas niegu z dachów zginy dwie osoby. Region zmaga si z najwikszymi opadami od ponad 30 lat - miejscami warstwa niegu siga nawet cz… [+1483 chars],,2026-01-26 20:49:45+00:00,random,,,
b26a706cb9c8e46e2f8e6f0e614c17be,2026-01-24T08:40:24Z,Snow&Ice,burza śnieżna,wydarzenia.interia.pl,pl,0.9,"Ein gewaltiger Schneesturm zieht über die USA. Alarme, Ausnahmezustand und Angst vor Lähmungen. Die nordöstlichen Regionen der Vereinigten Staaten bereiten sich darauf vor, von einem heftigen Wintersturm heimgesucht zu werden. In New York wurde der Ausnahmezustand ausgerufen und die Nationalgarde mobilisiert. Die Behörden erlassen Sonderverfügungen und Warnungen auf höchstem Niveau. An vielen Orten kann es sein...","W USA nadchodzi wielka burza śnieżna. Alerty, stan wyjątkowy i strach przed paraliżem",Północno-wschodnie regiony USA szykują się na uderzenie potężnej burzy zimowej. W Nowym Jorku wprowadzono stan wyjątkowy i zmobilizowano Gwardię Narodową. Władze wydają specjalne zarządzenia i ostrzeżenia najwyższego stopnia. W wielu lokalizacjach może dojść …,"A huge snowstorm is coming to the USA. Alerts, state of emergency and fear of paralysis. The northeastern regions of the United States are preparing to be hit by a powerful winter storm. A state of emergency was declared in New York and the National Guard was mobilized. The authorities issue special orders and warnings of the highest level. In many locations there may be…","Ingens nivis in USA venit. Alets, casus et metus paralysis. Civitates Americae septentrionales regiones septentrionales validissima tempestate hiemali pulsari parabant. Status tumultus in New York et in custodia Nationali convocatus est. Auctoritates speciales ordines ac monita summis. In multis locis potest esse…","https://wydarzenia.interia.pl/zagranica/news-w-usa-nadchodzi-wielka-burza-sniezna-alerty-stan-wyjatkowy-i,nId,22543024",https://i.iplsc.com/-/000M8LDUNYXQWFCH-C461.jpg,,"W skrócie
<ul><li>
W Nowym Jorku ogoszono stan wyjtkowy i postawiono w stan gotowoci Gwardi Narodow w zwizku z prognozowan burz zimow.
</li><li>
W regionach Nowego Jorku, New Jersey i Pensylwanii… [+3185 chars]",,2026-01-26 20:49:45+00:00,random,,,
d9acbb11899b4bfab56f3e8aefd02a4e,2026-01-25T05:26:11Z,Snow&Ice,burza śnieżna,tvn24.pl,pl,0.9,"Mehrere Tausend annullierte Flüge, gesperrte Straßen. Schneesturm in den USA. Ein gewaltiger Schneesturm zieht über die Vereinigten Staaten. Laut CNN erstreckt sich das Element über 2.000 Kilometer. Aufgrund des heftigen Wetters wurden mehrere tausend Flüge gestrichen. Auch ausgewählte Abschnitte der Autobahnen zwischen den Bundesstaaten wurden gesperrt. Die Behörden fordern…","Kilkanaście tysięcy odwołanych lotów, zamknięte drogi. Burza śnieżna w USA","Potężna burza śnieżna sunie przez Stany Zjednoczone. Jak podała stacja CNN, żywioł rozciąga się na ponad 2000 kilometrów. Z powodu gwałtownej aury odwołano kilkanaście tysięcy lotów. Zamknięto też wybrane odcinki autostrad międzystanowych. Władze apelują o po…","Several thousand canceled flights, closed roads. Snow storm in the USA. A massive snowstorm is moving across the United States. According to CNN, the element extends over 2,000 kilometers. Due to the violent weather, several thousand flights were canceled. Select sections of interstate highways were also closed. Authorities are calling for…","Viae clausae fugae complura millia demi. Nix tempestas in USA. Nullam aliquet magna est, in hendrerit eros. Secundum rhoncus, elementum super 2,000 chiliometrorum patet. Ob vim tempestatis multa milia fugae sura sunt. Sectiones selectae viarum interstatum clausae sunt. Auctoritates vocant pro…",https://tvn24.pl/tvnmeteo/swiat/burza-sniezna-w-usa-odwolane-loty-zamkniete-drogi-przerwy-w-dostawie-pradu-st8866281,https://tvn24.pl/_e/i/najnowsze/cdn-zdjecie-1521573-odwolane-loty-w-usa-przez-burze-sniezna-ph8866276/alternates/WEBP_LANDSCAPE_840,,"Potna burza niena sunie przez Stany Zjednoczone. Jak podaa stacja CNN, ywio rozciga si na ponad 2000 kilometrów. Z powodu gwatownej aury odwoano kilkanacie tysicy lotów. Zamknito te wybrane odcinki a… [+2927 chars]",,2026-01-26 20:49:45+00:00,random,,,
43f2549e0df8383b32f90729bd1b5d5f,2026-01-23T16:51:00Z,Heat Wave,upał,wiadomosci.gazeta.pl,pl,0.9,"Bereits neunzehn Opfer. „Kritische Situation.“ Nach einem Jahrzehnt der Dürre kam es zum Feuer. In Australien herrscht eine Hitze von über 40 Grad, und in Chile und Argentinien verwüsten Brände nicht nur patagonische Wälder, sondern ganze Städte. Der Sommer hat auf der Südhalbkugel extreme Hitze und Brände mit sich gebracht, die aufgrund des Klimawandels schwer zu kontrollieren sind.","Już dziewiętnaście ofiar. ""Krytyczna sytuacja"". Po dekadzie suszy przyszedł ogień","Australia mierzy się z ponad 40-stopniowym upałem, a w Chile i Argentynie pożary pustoszą nie tylko lasy Patagonii, ale też całe miasta. Lato na półkuli południowej przyniosło ekstremalny skwar i ogień trudny do opanowania z powodu zmian klimatycznych.","Already nineteen victims. ""Critical situation."" After a decade of drought, the fire came. Australia is facing heat of over 40 degrees, and in Chile and Argentina, fires are devastating not only Patagonian forests, but also entire cities. Summer in the southern hemisphere has brought extreme heat and fire that is difficult to control due to climate change.","Iam undeviginti victimae. ""Critica condicio."" Post decennium siccitatis incendium accessit. Australia calori plus quam quadraginta gradus respicit, et in Chile et Argentina incendia non solum silvas Patagonian, sed etiam urbes integras vastant. Aestas in hemisphaerio meridiano calorem maximum et ignem attulit, quod difficile est ob mutatio climatis temperare.","https://wiadomosci.gazeta.pl/wiadomosci/7,174372,32549142,po-dekadzie-suszy-przyszedl-ogien-krytyczna-sytuacja-w-czesciach.html","https://bi.im-g.pl/im/23/0a/1f/z32549155IER,Pozary-w-Argentynie.jpg",,"Co najmniej 19 osób zginęło, a całe osiedla zostały doszczętnie spalone - to dotychczasowy bilans pożarów, które od tygodni szaleją w Chile. Władze kraju ogłosiły stan wyjątkowy w kilku regionach. Du… [+4961 chars]",,2026-01-27 02:40:21+00:00,random,,,
3350dc3ac015766d78b94bd9c324616e,2026-01-13T08:00:57Z,Earthquake,trzęsienie ziemi,imagazine.pl,pl,0.7,"Erdbeben in Cupertino. Apple bestätigt: Gemini von Google ist die Grundlage des neuen Siri. Dies sind keine Gerüchte oder Leaks hinter den Kulissen mehr. Apple und Google haben offiziell eine strategische Zusammenarbeit bestätigt, die die Kräfteverhältnisse im Wettlauf um künstliche Intelligenz verändert. Einer gemeinsamen Erklärung zufolge wird die Google Gemini-Technologie die Grundlage für… bilden.",Trzęsienie ziemi w Cupertino. Apple potwierdza: Gemini od Google fundamentem nowej Siri,"To już nie plotki ani kuluarowe przecieki. Apple i Google oficjalnie potwierdziły strategiczną współpracę, która zmienia układ sił w wyścigu o sztuczną inteligencję. Zgodnie ze wspólnym oświadczeniem, technologia Google Gemini stanie się fundamentem dla kolej…","Cupertino earthquake. Apple confirms: Gemini from Google is the foundation of the new Siri. These are no longer rumors or behind-the-scenes leaks. Apple and Google have officially confirmed strategic cooperation that is changing the balance of power in the race for artificial intelligence. According to a joint statement, Google Gemini technology will become the foundation for…","Terrae motus Cupertino. Lacus confirmat: Gemini a Google fundamentum est novae Siri. Hae non sunt rumores, nec post scaenae pinum. Lacus et Google cooperationem opportunam publice confirmaverunt quae mutatur aequilibrium potentiae in genere ad intellegentiam artificialem. Secundum iuncturam constitutionis Google technologiae Gemini fundamentum fiet pro ...",https://imagazine.pl/2026/01/13/apple-google-gemini-wspolpraca-siri/,https://imagazine.pl/wp-content/uploads/2026/01/AI-Generated-image-Apple-Google.jpg,,"To ju nie plotki ani kuluarowe przecieki. Apple i Google oficjalnie potwierdziy strategiczn wspóprac, która zmienia ukad si w wycigu o sztuczn inteligencj.
Zgodnie ze wspólnym owiadczeniem, technolo… [+3435 chars]",,2026-01-27 20:46:16+00:00,random,,,
ac795a075f178296dea7afc426573f13,2026-01-20T16:00:09Z,Earthquake,trzęsienie ziemi,imagazine.pl,pl,0.7,"Erdbeben in Tokio. Sony übergibt Fernseher an TCL. Dies sind Informationen, die das Kräfteverhältnis in der RTV-Branche über Jahrzehnte hinweg verändern. Die Sony Corporation hat die Unterzeichnung einer Absichtserklärung mit dem chinesischen Riesen TCL Electronics offiziell bestätigt. Objektiv? Gründung eines Joint Ventures, das Design, Produktion und Vertrieb von Fernsehgeräten übernimmt…",Trzęsienie ziemi w Tokio. Sony oddaje telewizory w ręce TCL,"To informacja, która zmienia układ sił w branży RTV na dekady. Sony Corporation oficjalnie potwierdziło podpisanie memorandum z chińskim gigantem TCL Electronics. Cel? Utworzenie spółki joint venture, która przejmie projektowanie, produkcję i sprzedaż telewiz…","Earthquake in Tokyo. Sony hands over TVs to TCL. This is information that changes the balance of power in the RTV industry for decades. Sony Corporation has officially confirmed the signing of a memorandum of understanding with the Chinese giant TCL Electronics. Objective? Creation of a joint venture that will take over the design, production and sales of television…","Terrae motus in Tokyo. Nulla tradit TVs ad TCL. Haec notitia est quae in RTV industria decenniis potentiarum aequilibrium mutat. Sony Corporation subscriptionem memorandi intellegendi cum gigante TCL Electronics Sinensium publice confirmavit. Objective? Coniunctio ausi creatio quae consilium, productionem et venditiones televisificas occupabit.",https://imagazine.pl/2026/01/20/sony-tcl-joint-venture-telewizory-bravia-koniec-epoki/,https://imagazine.pl/wp-content/uploads/2021/08/TCL_TUV.jpg,,"To informacja, która zmienia ukad si w brany RTV na dekady. Sony Corporation oficjalnie potwierdzio podpisanie memorandum z chiskim gigantem TCL Electronics.
Cel? Utworzenie spóki joint venture, któ… [+2836 chars]",,2026-01-27 20:46:16+00:00,random,,,
d8fce4dfc65a438b081cb9cdf1d0e69d,2026-01-26T07:22:00Z,Earthquake,trzęsienie ziemi,www.sport.pl,pl,0.7,"Erdbeben im PlusLiga-Riesen! Der Trainer tritt zurück. PGE Projekt Warszawa belegt den zweiten Platz im PlusLiga-Volleyballteam. Trainer Tommi Tiilikainen entschied sich unerwartet, von seinem Amt zurückzutreten.",Trzęsienie ziemi w gigancie PlusLigi! Trener rezygnuje,PGE Projekt Warszawa zajmuje drugie miejsce w siatkarskiej PlusLidze. Trener Tommi Tiilikainen niespodziewanie podjął decyzję o rezygnacji ze swojej funkcji.,Earthquake in the PlusLiga giant! The coach resigns. PGE Projekt Warszawa takes second place in the PlusLiga volleyball team. Coach Tommi Tiilikainen unexpectedly decided to resign from his position.,Terrae motus in PlusLiga gigas! Raeda eiurat. PGE Projekt Warszawa secundum locum in PlusLiga pulvinar suscipit ipsum. Raeda Tommi Tiilikainen improviso abdicare de loco suo placuit.,"https://www.sport.pl/siatkowka/7,64948,32554781,trzesienie-ziemi-w-gigancie-plusligi-trener-rezygnuje.html","https://bi.im-g.pl/im/c4/02/1f/z32516036IER,-Cwiercfinal-Ligi-Mistrzw-CEV-Projekt-Warszawa---H.jpg",,"W poniedziałek o godzinie 8:00 PGE Projekt Warszawa z pewnością zaskoczył swoich kibiców. Trudno było bowiem spodziewać się tego, że Tommi Tiilikainen nie dokończy sezonu. Obecnie warszawianie zajmuj… [+1941 chars]",,2026-01-27 20:46:16+00:00,random,,,
08f62e66ce2906fda43c8b2aad756cc4,2026-01-23T12:33:26Z,Earthquake,trzęsienie ziemi,imagazine.pl,pl,0.9,"Craig Federighi „räumt“ in der KI-Abteilung auf. Apple Intelligence soll auf der Google Cloud laufen und der Datenschutz tritt in den Hintergrund? Erdbeben in Cupertino. Laut einem Bericht von The Information übernahm Craig Federighi, der Software-Chef von Apple, Ende 2025 die volle Kontrolle über die Teams für künstliche Intelligenz. Grund? Apples interne Modelle sind zu schwach, um mitzuhalten ...","Craig Federighi „czyści” dział AI. Apple Intelligence ma działać na chmurze Google, a prywatność schodzi na drugi plan?","W Cupertino trzęsienie ziemi. Według raportu serwisu The Information, Craig Federighi, szef oprogramowania Apple, przejął pod koniec 2025 roku pełną kontrolę nad zespołami ds. sztucznej inteligencji. Powód? Wewnętrzne modele Apple są zbyt słabe, by konkurować…","Craig Federighi is ""cleaning up"" the AI ​​department. Apple Intelligence is supposed to run on the Google cloud, and privacy takes a backseat? Earthquake in Cupertino. According to a report by The Information, Craig Federighi, Apple's software chief, took full control of the artificial intelligence teams at the end of 2025. Reason? Apple's internal models are too weak to compete...","Craig Federighi ""purgare"" est department AI. Apple Intelligentia putatur in nubem Google currere, et secretum posticum accipit? Terrae motus in Cupertino. Secundum relationem per Informationem, Craig Federighi, programmatio Apple principis, in fine anni 2025. Rationis machinarum machinarum iunctiones plenam potestatem cepit? Apple interna exemplaria nimis infirma certant...",https://imagazine.pl/2026/01/23/craig-federighi-przejmuje-apple-ai-google-gemini-siri/,https://imagazine.pl/wp-content/uploads/2018/06/WWDC-2018-Wrap-Up_Craig_Federighi_introduces_iOS_12_06042018.jpg,,"W Cupertino trzsienie ziemi. Wedug raportu serwisu The Information, Craig Federighi, szef oprogramowania Apple, przej pod koniec 2025 roku pen kontrol nad zespoami ds. sztucznej inteligencji.
Powód?… [+2608 chars]",,2026-01-27 20:46:16+00:00,random,,,
bf7086d3b58863f6904e905e18cf06b4,2026-01-12T12:22:00Z,Snow&Ice,mróz województwo lubelskie powiat kraśnicki,tvn24.pl,pl,0.2,"Eis an Oder und Weichsel. Eisbrecher werden in die Flüsse fahren. Am Dienstag werden Eisbrecher damit beginnen, das Eis auf der unteren Weichsel und der unteren Oder zu zerkleinern. Die Maßnahmen zielen darauf ab, das Risiko von Eisstaus zu verringern und die Sicherheit von Menschen und Infrastruktur zu gewährleisten.",Lód na Odrze i Wiśle. Na rzeki wypłyną lodołamacze,We wtorek lodołamacze rozpoczną kruszenie lodu na dolnej Wiśle i dolnej Odrze. Działania mają na celu ograniczenie ryzyka zatorów lodowych oraz zapewnienie bezpieczeństwa ludzi i infrastruktury.,"Ice on the Oder and Vistula. Icebreakers will sail into the rivers. On Tuesday, icebreakers will start crushing ice on the lower Vistula and lower Odra. The actions are aimed at reducing the risk of ice jams and ensuring the safety of people and infrastructure.","Ice in Oder et Vistula. Icebreakers in fluminibus navigabunt. Die Martis, fractores glaciem comminuendi in Vistula inferiore et Odra inferiore incipient. Actiones intentae sunt ad reducendum periculum impediti glaciei et ad salutem hominum et infrastructuram.",https://tvn24.pl/tvnmeteo/polska/zielona-gora-pochod-kry-na-odrze-promy-wstrzymane-na-rzeki-wyplyna-lodolamacze-st8842631,https://tvn24.pl/_e/i/tvnmeteo/najnowsze/cdn-zdjecie-7117703-polskie-lodolamacze-ph8843481/alternates/WEBP_LANDSCAPE_840,,"We wtorek lodoamacze rozpoczn kruszenie lodu na dolnej Wile i dolnej Odrze. Dziaania maj na celu ograniczenie ryzyka zatorów lodowych oraz zapewnienie bezpieczestwa ludzi i infrastruktury.
Niskie te… [+1829 chars]",,2026-01-28 10:54:51+00:00,wmo,Poland,WCE,Europe
d0332c196aabfb29a99083bf5a7cf6df,2026-01-13T04:45:00Z,Snow&Ice,zamarzanie województwo lubelskie powiat chełmski,next.gazeta.pl,pl,0.3,Eisbrecher auf Weichsel und Oder. Was ist los? Im Hintergrund besteht Überschwemmungsgefahr. „Bedrohungen abmildern“. Auf polnischen Flüssen tauchen Eisbrecher auf. Einzigartige polnische Schiffe fuhren in die Gewässer der Weichsel und Oder. Auch Einheiten aus Deutschland werden an Eisbrechereinsätzen beteiligt sein.,"Lodołamacze na Wiśle i Odrze. Co się dzieje? W tle ryzyko powodzi. ""Ograniczanie zagrożeń""",Na polskich rzekach pojawiają się lodołamacze. Wyjątkowe polskie statki wypłynęły na wody Wisły oraz Odry. W akcje łamania lodu zaangażowane zostaną także jednostki z Niemiec.,"Icebreakers on the Vistula and Odra. What's going on? In the background there is a risk of flooding. ""Mitigating threats"". Icebreakers appear on Polish rivers. Unique Polish ships sailed into the waters of the Vistula and Oder. Units from Germany will also be involved in ice-breaking operations.","Icebreakers in Vistula et Odra. Quid agitur? In curriculo periculum inundationis est. ""Mitare minas"". Icebreakers apparent in fluminibus Poloniae. Unique Poloniae naves in Vistulae et Oder aquas navigaverunt. Unitates ex Germania etiam in operationibus glacierum fractionis implicabuntur.","https://next.gazeta.pl/next/7,172392,32523600,lodolamacze-na-wisle-i-odrze-co-sie-dzieje-w-tle-ryzyko-powodzi.html","https://bi.im-g.pl/im/69/04/1f/z32523625IER,Lodolamacz--zdjecie-ilustracyjne-.jpg",,"O uruchomieniu lodołamaczy zdecydowano już kilka dni temu. Polskie służby czekały tylko na odpowiedni moment. - Lodołamacze zaczynają prace wtedy, kiedy ten lód zaczyna kruszeć naturalnie, czyli w dz… [+2947 chars]",,2026-01-28 10:54:51+00:00,wmo,Poland,WCE,Europe
ba9c6e9cd8f7e4676dc44e73a3c52024,2026-01-06T19:03:00Z,Snow&Ice,śnieżna Polska,wiadomosci.gazeta.pl,pl,0.8,"Die höchste Schneedecke in Warschau seit 13 Jahren. Aber wir sind noch lange nicht im Winter des Jahrhunderts. Zum ersten Mal in diesem Winter liegt in fast ganz Polen eine Schneedecke, an manchen Stellen erreicht sie mehrere Dutzend Zentimeter. Obwohl Schneestürme in manchen Regionen für Probleme gesorgt haben, sind sie bei weitem nicht rekordverdächtig.",W Warszawie największa pokrywa śnieżna od 13 lat. Ale do zimy stulecia nam daleko,"Pierwszy raz tej zimy niemal cała Polska ma pokrywę śnieżną, a miejscami sięga ona kilkudziesięciu centymetrów. Chociaż śnieżyce przysporzyły problemów w niektórych regionach, to daleko im do rekordowych.","The highest snow cover in Warsaw in 13 years. But we are far from the winter of the century. For the first time this winter, almost all of Poland has snow cover, and in some places it reaches several dozen centimeters. While snowstorms have caused problems in some regions, they are far from record-breaking.","Summa nix operimentum Varsaviae in 13 annis. Sed longe a hyeme saeculi. Primum hac hieme, tota fere Polonia nives operculum habet, et alicubi aliquot centimetra duodecim attingit. Dum nivis difficultates in regionibus quibusdam moverunt, procul a record-fractione sunt.","https://wiadomosci.gazeta.pl/wiadomosci/7,174372,32507839,w-warszawie-najwieksza-pokrywa-sniezna-od-13-lat-ale-do-zimy.html","https://bi.im-g.pl/im/e1/00/1f/z32507873IER,Zima.jpg",,"Jak informował IMGW, odnotowana w Warszawie pokrywa śnieżna grubości 23 cm jest największa od 13 lat. ""Ostatni raz tak wysoka pokrywa śnieżna w Warszawie była notowana w styczniu 2013"" - wskazał inst… [+2823 chars]",,2026-02-01 15:48:26+00:00,wmo,Poland,WCE,Europe
071ca07f883000c263f609c7671e7df6,2026-01-21T21:52:42Z,Earthquake,trzęsienie ziemi,sport.interia.pl,pl,0.7,Zalewskis Vorlage und dann eine Katastrophe. Erdbeben in der Champions League. In der siebten Serie der Ligaphase der Champions League traf Atalanta Bergamo zu Hause auf Athletic Bilbao. Zum ersten Mal in seiner Karriere stand Nicola Zalewski in der Startelf des Spiels. Der Pole revanchierte sich beim Trainer für seine großartige…,"Asysta Zalewskiego, a potem katastrofa. Trzęsienie ziemi w Lidze Mistrzów",W siódmej serii spotkań fazy ligowej Ligi Mistrzów Atalanta Bergamo mierzyła się na swoim boisku z Athletikiem Bilbao. Po raz pierwszy w karierze spotkanie tych rozgrywek w wyjściowym składzie rozpoczynał Nicola Zalewski. Polak odwdzięczył się trenerowi za sz…,"Zalewski's assist and then a disaster. Earthquake in the Champions League. In the seventh series of matches in the league phase of the Champions League, Atalanta Bergamo faced Athletic Bilbao at home. For the first time in his career, Nicola Zalewski started the match in the starting line-up. The Pole repaid the coach for his great…","Zalewski adiuvat et deinde calamitatem. Terrae motus in Propugnatores Achaici. In septima serie compositus in foedere Phase Propugnatores League, Atalanta Bergamo ante Bilbao athleticam domi sunt. Primum in cursu suo, Nicola Zalewski certamen in initio versus incepit. Raedam pro suo magno reddidit Polus…","https://sport.interia.pl/pilka-nozna/liga-mistrzow/news-asysta-zalewskiego-a-potem-taka-katastrofa-trzesienie-ziemi,nId,22542090",https://i.iplsc.com/-/000M89EK8FG1RRKL-C461.jpg,,Faza ligowa Ligi Mistrzów powoli zmierza ku kocowi. Przed rodowymi meczami 7. kolejki Champions League nieoczekiwanie to nie Inter Mediolan ani mistrz Woch SSC Napoli s najlepszym zespoem z tego kraj… [+3802 chars],,2026-02-03 06:10:59+00:00,random,,,
0484ed7b460bfe0bbacf4984d554dec4,2026-01-22T09:48:00Z,Earthquake,trzęsienie ziemi,next.gazeta.pl,pl,0.7,"Erdbeben beim Riesen. Ubisoft wird langsamer und löscht Spiele. Panik bei den Anlegern. Was ist los?. Ubisoft, das Unternehmen, das für Franchises wie Assassin's Creed und Far Cry verantwortlich ist, hat einen drastischen Umstrukturierungsplan angekündigt. Dazu gehören unter anderem: Entlassungen von Mitarbeitern und die Einstellung von sechs Projekten, darunter das Remake von Prince of Persia. Als Antwort darauf…",Trzęsienie ziemi u giganta. Ubisoft zwalnia i kasuje gry. Inwestorzy w panice. Co się dzieje?,"Ubisoft, firma odpowiedzialna między innymi za takie marki jak Assassin's Creed i Far Cry, ogłosił drastyczny plan restrukturyzacji. Obejmuje on m.in. zwolnienia pracowników i skasowanie sześciu projektów, w tym remake'u gry Prince of Persia. W reakcji na tę …","Earthquake at the giant. Ubisoft slows down and deletes games. Investors panic. What's going on?. Ubisoft, the company responsible for franchises such as Assassin's Creed and Far Cry, has announced a drastic restructuring plan. It includes, among others: layoffs of employees and cancellation of six projects, including the remake of Prince of Persia. In response to this…","Terrae motus at gigas. Ubisoft cohibetur ac delet ludos. Elit metus. Quid agitur?. Ubisoft, societas libertaterum responsabilis sicut Symbolum Assassini et Far Clama, atrociter consilium bibendum denuntiavit. Comprehendit inter alios: ministros et tabulas sex consiliorum, incluso reformatione principis Persarum. Ad hoc…","https://next.gazeta.pl/next/7,151243,32546354,trzesienie-ziemi-u-giganta-ubisoft-zwalnia-i-kasuje-gry-inwestorzy.html","https://bi.im-g.pl/im/3a/09/1f/z32546618IER,Ubisoft.jpg",,"Wydawać by się mogło, że po trudnych ""popandemicznych"" latach branża gier zacznie łapać oddech. Nic bardziej mylnego, a przynajmniej w przypadku Ubisoftu. Francuski gitant, który już od dłuższego cza… [+4845 chars]",,2026-02-03 06:10:59+00:00,random,,,
4d3d4b89b00bee8f72537dd9fb29f164,2026-01-26T08:02:37Z,Earthquake,trzęsienie ziemi,sport.interia.pl,pl,0.7,"Erdbeben im PlusLiga-Riesen. Der Trainer trat zurück. Am Montagmorgen gaben die Behörden von PGE Projekt Warszawa eine wichtige Ankündigung heraus. Wie wir lesen, ist Tommi Tiilikainen zurückgetreten. Der Finne ist nicht mehr Trainer des PlusLiga-Klubs. - Ich habe beschlossen, dass zu diesem Zeitpunkt die beste Lösung für beide Seiten wäre...",Trzęsienie ziemi w gigancie PlusLigi. Trener podał się do dymisji,"W poniedziałkowy poranek władze PGE Projektu Warszawa wydały ważny komunikat. Jak czytamy, do dymisji podał się Tommi Tiilikainen. Fin nie jest już szkoleniowcem klubu PlusLigi. - Zdecydowałem, że w tym momencie najlepszym rozwiązaniem dla obu stron będzie za…","Earthquake in the PlusLiga giant. The coach resigned. On Monday morning, the authorities of PGE Projekt Warszawa issued an important announcement. As we read, Tommi Tiilikainen resigned. The Finn is no longer the coach of the PlusLiga club. - I decided that at this point the best solution for both parties would be...","Terrae motus in PlusLiga gigas. Raeda abdicauit. Die Lunae mane auctores PGE Projekt Warszawa denuntiationem magni fecerunt. Ut legitur, Tommi Tiilikainen resignavit. In Finnia raeda PlusLiga clava iam non est. - Statuimus hoc loco optimam solutionem utriusque partis fore...","https://sport.interia.pl/siatkowka/ekstraklasa-mezczyzn/news-trzesienie-ziemi-w-gigancie-plusligi-trener-podal-sie-do-dym,nId,22543403",https://i.iplsc.com/-/000M8R17I7GP5NWJ-C461.jpg,,"Tommi Tiilikainen prowadzi PGE Projekt Warszawa od pocztku tego sezonu. Trzy ostatnie mecze stoeczny klub koczy porakami - 2:3 z Barkom, 0:3 przeciwko Lube Civitanova w Lidze Mistrzów oraz 0:3 z Asse… [+1522 chars]",,2026-02-03 06:10:59+00:00,random,,,
7dea94537e91160091fe523484bfed24,2026-01-27T12:59:34Z,Earthquake,trzęsienie ziemi,gry.interia.pl,pl,0.7,Erdbeben bei Ubisoft. Die Schauspielerin enthüllt bittere Fakten. Ubisoft steckt vielleicht in der größten Krise seiner gesamten Geschichte. Vor einigen Tagen kündigte das französische Unternehmen eine massive Umstrukturierung an und informierte gleichzeitig über die Absage mehrerer anstehender Gaming-Projekte und die Verzögerung…,Trzęsienie ziemi w Ubisofcie. Aktorka zdradza gorzkie fakty,"Ubisoft znajduje się być może w największym kryzysie w całej swojej wieloletniej historii. Kilka dni temu francuskie przedsiębiorstwo ogłosiło masową restrukturyzację, informując jednocześnie o anulowaniu kilku nadchodzących projektów gamingowych i opóźnieniu…","Earthquake at Ubisoft. The actress reveals bitter facts. Ubisoft is perhaps in the greatest crisis in its entire history. A few days ago, the French company announced a massive restructuring, at the same time informing about the cancellation of several upcoming gaming projects and the delay…","Terrae motus in Ubisoft. Acerba facta mima aperit. Ubisoft est fortasse in maximo discrimine totius historiae. Paucis abhinc diebus, societas Francogallica magnam bibendi rationem denuntiavit, simulque de indultis plurium alearum inceptis ac de mora.","https://gry.interia.pl/newsy/aktualnosci/news-trzesienie-ziemi-w-ubisofcie-aktorka-zdradza-gorzkie-fakty,nId,22544062",https://i.iplsc.com/-/000M94SIRWAQV558-C461.jpg,,"Sytuacja w Ubisofcie jest bardzo trudna. Gigant wrzuci do kosza 6 niepowstaych gier wideo, opóniajc przy tym 7 dodatkowych projektów. Potwierdzono jednoczenie przesze doniesienia, e doszo do cakowite… [+1591 chars]",,2026-02-03 06:10:59+00:00,random,,,
980785a42cbeb1ddc7127721bee2159e,2026-01-22T13:11:19Z,Earthquake,trzęsienie ziemi,businessinsider.com.pl,pl,0.9,"Sie waren um ein Vielfaches größer als CD Projekt RED und kämpfen heute um ihr Leben. Ubisoft kündigte eine neue Struktur an. Ubisoft, Eigentümer einiger der beliebtesten Gaming-Marken der Geschichte, erlebt ein wahres Erdbeben. Das französische Unternehmen durchläuft eine umfassende Umstrukturierung, kündigt Zukunftspläne an und storniert eine Reihe von Projekten. Alles in der Hoffnung, die Ergebnisse zu verbessern …","Byli kilkukrotnie więksi od CD Projekt RED, dziś walczą o życie. Ubisoft ogłosił nową strukturę","Ubisoft, właściciele jednych z najpopularniejszych gamingowych marek w historii, przeżywa prawdziwe trzęsienie ziemi. Francuska firma przechodzi pełną restrukturyzację, ogłasza przyszłe plany oraz anuluje szereg projektów. Wszystko w nadziei na poprawę wynikó…","They were several times larger than CD Projekt RED, and today they are fighting for their lives. Ubisoft announced a new structure. Ubisoft, owners of some of the most popular gaming brands in history, is experiencing a real earthquake. The French company is undergoing a full restructuring, announcing future plans and canceling a number of projects. All in the hope of improving results…","Pluries maiores fuerunt quam CD Projekt RED, et hodie de vita dimicant. Ubisoft novam structuram denuntiavit. Ubisoft, possessores quorumdam notarum alearum popularium in historia, verum terrae motum experitur. Comitatus Gallicus plenam restructuram patitur, futura consilia nuntiat et numerum inceptorum rescindit. Omnis in spe fructus melioris...",https://businessinsider.com.pl/technologie/nowe-technologie/duze-zmiany-w-ubisoft-oto-co-dalej-ze-slynnymi-seriami-gier/2zqpzw3,https://ocdn.eu/pulscms-transforms/1/nw2k9kpTURBXy9kZTY2ZDMzOGMzYWVmM2I5NDQwZDdiYjNjNGZhOTRiYy5qcGeSlQMAzMHNGDDNDZuTBc0EsM0Cdt4AAaEwAQ,,"Assassins Creed, Far Cry, The Division, Might and Magic, Rainbow Six, Prince of Persia, Just Dance, Rayman i jeszcze kilkanacie innych serii, które przez dekady ksztatoway wygld wiata gamingu. Portfo… [+5294 chars]",,2026-02-03 06:10:59+00:00,random,,,
c638a1a98d3c884b49876edf8b8185e8,2026-01-23T07:26:46Z,Earthquake,trzęsienie ziemi,wydarzenia.interia.pl,pl,0.9,Politisches Erdbeben in Japan. Der Premierminister entschied trotz Einwänden. Die angekündigte Revolution in der japanischen Regierung wird abgeschlossen. Premierminister Sanae Takaichi löste das Unterhaus des Parlaments auf (zum ersten Mal seit 60 Jahren) und ebnete damit den Weg für vorgezogene Neuwahlen. Als Abstimmungstermin ist der 8. Februar angesetzt. Die Amtszeit beträgt drei Monate…,Polityczne trzęsienie ziemi w Japonii. Premier zdecydowała mimo sprzeciwów,"Dopełnia się zapowiadana rewolucja w japońskim rządzie. Premier Sanae Takaichi rozwiązała niższą izbę parlamentu (po raz pierwszy od 60 lat), otwierając drogę do przedterminowych wyborów. Datę głosowania wyznaczono na 8 lutego. Pełniąca obowiązki od trzech mi…","Political earthquake in Japan. The Prime Minister decided despite objections. The announced revolution in the Japanese government is being completed. Prime Minister Sanae Takaichi dissolved the lower house of parliament (for the first time in 60 years), opening the way to early elections. The voting date is set for February 8. Serving for three months…","Terrae motus politicus in Iaponia. Primus minister obiectiones obstantibus constituit. Revolutione nuntiata in imperio Iaponico perficitur. Primus minister Sanae Takaichi domum inferiorem parlamenti dissoluit (primum in 60 annis), viam primis comitiis aperiens. Dies suffragationis positus est pro 8. Februarii. Serviens pro tribus mensibus...","https://wydarzenia.interia.pl/zagranica/news-polityczne-trzesienie-ziemi-w-japonii-premier-zdecydowala-mi,nId,22542615",https://i.iplsc.com/-/000M8FC5RTTP13BA-C461.jpg,,"W skrócie
<ul><li>
Premier Sanae Takaichi rozwizaa nisz izb parlamentu Japonii, wyznaczajc przedterminowe wybory na 8 lutego.
</li><li>
Partia Liberalno-Demokratyczna dy do samodzielnej wikszoci,… [+3060 chars]",,2026-02-03 06:10:59+00:00,random,,,
dac0a33fa012228963d27eaa75940eea,2026-01-30T07:00:59Z,Earthquake,trzęsienie ziemi,imagazine.pl,pl,0.9,"Apple gibt 2 Milliarden Dollar für „stille Rede“ aus. Es ist der größte Kauf seit Beats und der Schlüssel zur Kontrolle der Zukunft. Wenn Apple Kleingeld für Startups ausgibt, achtet niemand darauf. Aber als Tim Cook zwei Milliarden Dollar aus seinem Portemonnaie zieht, wissen wir, dass sich ein Erdbeben anbahnt. Der Cupertino-Riese hat gerade die Übernahme des israelischen Startups Q.ai bestätigt. Dies ist der zweitgrößte Act…",Apple wydaje 2 mld dolarów na „niemą mowę”. To największy zakup od czasu Beats i klucz do sterowania przyszłością,"Kiedy Apple wydaje drobne na startupy, nikt nie zwraca uwagi. Ale kiedy Tim Cook wyciąga z portfela 2 miliardy dolarów, wiemy, że szykuje się trzęsienie ziemi. Gigant z Cupertino właśnie potwierdził przejęcie izraelskiego startupu Q.ai. To druga największa ak…","Apple spends $2 billion on ""silent speech"". It's the biggest purchase since Beats and the key to controlling the future. When Apple spends spare change on startups, no one pays attention. But when Tim Cook takes $2 billion out of his wallet, we know an earthquake is brewing. The Cupertino giant has just confirmed the acquisition of the Israeli startup Q.ai. This is the second largest act…","Lacus $2 miliardis in ""orationem tacitam"" expendit. Est maximus emptio cum Beat et clavis ad futurum regendi. Cum Apple in startups mutationi parce agit, nemo attendit. Cum autem Tim Cook $2 miliardis e pera capit, scimus terrae motum medicandi esse. Gigantis Cupertino modo confirmavit acquisitionem Israelis startup Q.ai. Hoc est maximum secundum actum…",https://imagazine.pl/2026/01/30/apple-przejmuje-q-ai-niema-mowa-sterowanie-2-miliardy/,https://imagazine.pl/wp-content/uploads/2015/02/Apple-headquarters.jpeg,,"Kiedy Apple wydaje drobne na startupy, nikt nie zwraca uwagi. Ale kiedy Tim Cook wyciga z portfela 2 miliardy dolarów, wiemy, e szykuje si trzsienie ziemi.
Gigant z Cupertino wanie potwierdzi przejc… [+1617 chars]",,2026-02-03 06:10:59+00:00,random,,,
5d626ec2dc349b3f8ecd6f4e4a1e6eb1,2026-01-26T06:15:00Z,Earthquake,trzęsienie ziemi,www.bankier.pl,pl,0.7,"Erdbeben in Peking. Chinas wichtigster General wird der Spionage für die USA beschuldigt. Dem ranghöchsten General Chinas, Zhang Youxia, wird vorgeworfen, den USA Informationen über Chinas Atomwaffenprogramm geliefert zu haben, berichtete das Wall Street Journal am Sonntag. Öffentlich wurde lediglich bekannt, dass Zhang der Korruption verdächtigt wird ...",Trzęsienie ziemi w Pekinie. Najważniejszy generał Chin oskarżony o szpiegostwo na rzecz USA,"Najwyższy rangą chiński generał Zhang Youxia jest oskarżony o przekazywanie Stanom Zjednoczonym informacji o chińskim programie zbrojeń nuklearnych - przekazał w niedzielę „Wall Street Journal”. Publicznie ujawniono jedynie, że Zhang jest podejrzany o korupcj…","Earthquake in Beijing. China's most important general accused of spying for the US. China's highest-ranking general, Zhang Youxia, is accused of providing the United States with information about China's nuclear weapons program, the Wall Street Journal reported on Sunday. It has only been publicly revealed that Zhang is suspected of corruption...","Terrae motus in Beijing. Gravissimus generalis generalis Sinarum exploratores pro US accusatus est. Supremus ordo generalis Sinarum Zhang Youxia accusatur providere Civitatibus Foederatis cum informationes de programmate armorum nuclei Sinarum, nuntiavit Acta Wall Street die Dominico. Hoc solum publice revelatum est Zhang suspicionem corruptionis ...",https://www.bankier.pl/wiadomosc/Trzesienie-ziemi-w-Pekinie-Najwazniejszy-general-Chin-oskarzony-o-szpiegostwo-na-rzecz-USA-9073831.html,https://galeria.bankier.pl/p/6/9/47b2e010073fa4-948-568-20-30-3980-2387.jpg,,Najwyszy rang chiski genera Zhang Youxia jest oskarony o przekazywanie Stanom Zjednoczonym informacji o chiskim programie zbroje nuklearnych - przekaza w niedziel Wall Street Journal. Publicznie ujaw… [+2049 chars],,2026-02-06 20:58:58+00:00,random,,,
3997e53963d092beae8e414aaf8be40c,2026-01-08T17:51:56Z,Earthquake,trzęsienie ziemi,sport.interia.pl,pl,0.7,"Erdbeben in Polonia Bydgoszcz. Przyjemski und Woźniak im Vordergrund. Wiktor Przyjemski kehrte nach zwei Jahren zu Polonia Bydgoszcz zurück und wird zweifellos der größte Star des Teams sein. Es gibt bereits Stimmen, dass der 20-Jährige Kapitän der Mannschaft werden soll. Einmal opferte er sich für seinen Stammverein, indem er Motor Lublin verließ, ...",Trzęsienie ziemi w Polonii Bydgoszcz. Przyjemski i Woźniak na pierwszym planie,"Wiktor Przyjemski po dwóch latach wrócił do Polonii Bydgoszcz i będzie bez dwóch zdań największą gwiazdą drużyny. Już pojawiają się głosy, że 20-latek powinien zostać kapitanem zespołu. Raz, że poświęcił się dla macierzystego klubu odchodząc z Motoru Lublin, …","Earthquake in Polonia Bydgoszcz. Przyjemski and Woźniak in the foreground. Wiktor Przyjemski returned to Polonia Bydgoszcz after two years and will undoubtedly be the biggest star of the team. There are already voices that the 20-year-old should become the team captain. Once, he sacrificed himself for his parent club by leaving Motor Lublin, ...","Terrae motus in Polonia Bydgoszcz. Przyjemski et Woźniak in antica. Wiktor Przyjemski rediit in Poloniam Bydgoszcz post duos annos et procul dubio erit maximus stella consors. Iam voces sunt ut viginti annorum dux turmae fiant. Semel se pro parenti clava relinquens Motor Lublin, ...","https://sport.interia.pl/zuzel/1-liga/news-trzesienie-ziemi-w-polonii-bydgoszcz-przyjemski-i-wozniak-na,nId,22506565",https://i.iplsc.com/-/000M6AYM42V9NKUJ-C461.jpg,,Szymon Woniak przed rokiem trafi do Polonii Bydgoszcz bdc jednym z najwikszych transferów tamtejszej giedy 2. Metalkas Ekstraligi. Z urzdu zosta te kapitanem miejscowej druyny. Czy nim dalej bdzie? O… [+1813 chars],,2026-02-07 10:52:17+00:00,random,,,
1a39bf492929f3409493f3d95c39fb7f,2026-01-26T10:24:23Z,Earthquake,trzęsienie ziemi,sport.interia.pl,pl,0.7,"Erdbeben im Ekstraklasa-Club. Der Präsident gibt zu: Ich habe ein bisschen Angst. Vor fast drei Wochen wurde der Präsident von Cracovia, Mateusz Dróżdż, durch Elżbieta Filipiak ersetzt, doch erst jetzt beschloss der Verein, sich zu dieser Entscheidung zu äußern. - Es war notwendig, den Führungs- und Laufstil des Vereins an die Erwartungen unserer Hauptaktion anzupassen...",Trzęsienie ziemi w klubie Ekstraklasy. Prezes przyznaje: Trochę się boję,"Blisko trzy tygodnie temu prezesa Cracovii Mateusza Dróżdża zastąpiła Elżbieta Filipiak, ale dopiero teraz w klubie postanowiono skomentować tę decyzję. - Trzeba było dostosować się ze stylem zarządzania i prowadzenia klubu do oczekiwań naszego głównego akcjo…","Earthquake in the Ekstraklasa club. The president admits: I'm a little scared. Nearly three weeks ago, the president of Cracovia, Mateusz Dróżdż, was replaced by Elżbieta Filipiak, but only now the club decided to comment on this decision. - It was necessary to adapt the management and running style of the club to the expectations of our main action...","Terrae motus in clava Ekstraklasa. Praeses fatetur: Ego sum parum timeo. Fere abhinc tres hebdomades, praeses Cracoviae Mateusz Dróżdż ab Elżbieta Filipiak substitutus est, sed nunc tantum clava de hac sententia explanare decrevit. - Oportebat accommodare administrationi ac cursus stili ad expectationem praecipui actionis nostrae...","https://sport.interia.pl/pilka-nozna/ekstraklasa/news-trzesienie-ziemi-w-klubie-ekstraklasy-prezes-przyznaje-troch,nId,22543492",https://i.iplsc.com/-/000M8SO4DYRYIP0V-C461.jpg,,"Przy Kauy na rewolucj si nie zapowiadao. Druyna radzi sobie cakiem niele (zajmuje szóste miejsce i ma trzy punkty straty do lidera), na stadion przychodzi coraz wicej kibiców, a ogólny odbiór prezesu… [+2350 chars]",,2026-02-07 10:52:17+00:00,random,,,
9a106c711a9f9a7a51b91df4bb9799ce,2026-01-13T18:02:05Z,Earthquake,trzęsienie ziemi,sport.interia.pl,pl,0.9,Kaum hatte er Real übernommen und schon diese Worte. Die Nachfolge von Xabi betrifft eindeutig Vinicius. In den letzten Tagen hat das Umfeld von Real Madrid ein wahres Erdbeben erlebt. Kurz nach der Niederlage im Finale des spanischen Superpokals trat Xabi Alonso als Trainer der Mannschaft zurück. Der Verein gab schnell den Namen des Nachfolgers des 44-Jährigen bekannt. Es war ein weiteres Bein ...,Ledwo przejął Real i już takie słowa. Następca Xabiego jasno ws. Viniciusa,W ostatnich dniach środowisko Realu Madryt przeżyło istne trzęsienie ziemi. Tuż po przegranym finale Superpucharu Hiszpanii z rolą szkoleniowca drużyny pożegnał się bowiem Xabi Alonso. Klub bardzo szybko ogłosił nazwisko następcy 44-latka. Został nim inny leg…,"He had barely taken over Real and already these words. Xabi's successor clearly concerns Vinicius. In recent days, the Real Madrid environment has experienced a real earthquake. Shortly after losing the Spanish Super Cup final, Xabi Alonso resigned as the team's coach. The club quickly announced the name of the 44-year-old's successor. It was another leg…","Verus vix acceperat et iam haec verba. Xabi successor plane ad Vinicium pertinet. Superioribus diebus, Real Madrid environment realem terrae motum expertus est. Paulo post amisso Hispanico Super Calicem finali, Xabi Alonso resignavit raeda bigae. Clava cito nuntiat nomen successoris 44 annorum. Alterum crus erat…","https://sport.interia.pl/pilka-nozna/la-liga/news-ledwo-przejal-real-i-juz-taka-deklaracja-nastepca-xabiego-ja,nId,22508343",https://i.iplsc.com/-/000M70DNRA2H7MK0-C461.jpg,,"Ju od pewnego czasu mówio si o moliwoci rozstania Xabiego Alonso z Realem Madryt. Hiszpan, który raptem dwa sezonu temu podbi niemieck Bundeslig, nie by w stanie poprawi niezadowalajcych wyników ""Kró… [+2445 chars]",,2026-02-07 10:52:17+00:00,random,,,
7229920777ef21c3e78d87eb51071bcb,2026-01-22T11:27:00Z,Earthquake,trzęsienie ziemi,www.benchmark.pl,pl,0.7,"Erdbeben bei Ubisoft. 6 Spiele wurden gesperrt, 7 Spiele wurden verschoben. Warten Sie auf das Remake von „Prince of Persia: The Sands of Time“? Leider werden Sie es nicht bekommen, da dies eines von vielen Projekten ist, die Ubisoft abgesagt hat.","Trzęsienie ziemi w Ubisofcie. 6 gier trafiło do kosza, 7 gier opóźnionych","Czekasz na remake ""Prince of Persia: Piaski czasu""? Niestety się nie doczekasz, bo jest to jeden z wielu anulowanych przez Ubisoft projektów.","Earthquake at Ubisoft. 6 games were binned, 7 games were delayed. Are you waiting for the remake of ""Prince of Persia: The Sands of Time""? Unfortunately, you won't get it, because this is one of many projects canceled by Ubisoft.","Terrae motus in Ubisoft. 6 ludi bilici, 7 ludi sunt morati. Exspectas reformationem ""Princeps Persidis: arenae temporis""? Infeliciter, non pervenit, quia hoc unum ex multis inceptis a Ubisoft remissum est.",https://www.benchmark.pl/aktualnosci/ubisoft-restrukturyzacja-anulowane-gry.html,https://cdn.benchmark.pl/uploads/article/99759/MODERNICON/9d2c676e96f3c1e0eeebd249959a74ca88994957.jpg,,"Czekasz na remake ""Prince of Persia: Piaski czasu""? Niestety si nie doczekasz, bo jest to jeden z wielu anulowanych przez Ubisoft projektów. 
Ubisoft ogosi radykalny reset organizacyjny i operacyjny… [+4204 chars]",,2026-02-09 11:15:08+00:00,random,,,
31964d6d9f469c77019b7be1bfcc8f08,2026-01-22T16:37:59Z,Earthquake,trzęsienie ziemi,sport.interia.pl,pl,0.7,"Erdbeben im Boxen des Weltmeisters. Große Veränderungen, er ersetzte Menschen. Das sollte das Ende sein. Nach einer katastrophalen Saison, die von Schmerzen und Krankenhäusern geprägt war, stand Jason Doyle mit einem Fuß außerhalb der Elite. Doch ein Anruf der Veranstalter änderte alles. Der Australier erhielt eine „Wild Card“, also einen Vertrauenskredit, den er nicht ungenutzt lassen will. Ehemaliger Champion…","Trzęsienie ziemi w boksie mistrza świata. Spore zmiany, powymieniał ludzi","To miał być koniec. Po fatalnym sezonie, naznaczonym bólem i szpitalami, Jason Doyle był jedną nogą poza elitą. Ale telefon od organizatorów zmienił wszystko. Australijczyk dostał ""dziką kartę"", czyli kredyt zaufania, którego nie zamierza zmarnować. Były mist…","Earthquake in the boxing of the world champion. Big changes, he replaced people. This was supposed to be the end. After a disastrous season marked by pain and hospitals, Jason Doyle had one foot outside the elite. But a call from the organizers changed everything. The Australian received a ""wild card"", i.e. a loan of trust that he does not intend to waste. Former champion…","Terrae motus in pugilatu mundi propugnator. Magnas mutationes, populi substituit. Hic finis putabatur. Iason Doyle post calamitatem temporum dolore et valetudinariis notatus unum pedem extra florem habuit. Sed vocatio ab auctoribus omnia mutata sunt. Australia ""cardum ferox"" accepit, i.e. creditum mutuum quod perdere non intendit. Pristinus propugnator…","https://sport.interia.pl/zuzel/1-liga/news-trzesienie-ziemi-w-boksie-mistrza-swiata-spore-zmiany-powymi,nId,22542518",https://i.iplsc.com/-/000M8EDMORUX5W65-C461.jpg,,"Dla wielu kibiców przyznanie staej ""dzikiej karty"" zawodnikowi, który zaj dopiero 10. miejsce, byo kontrowersj. Doyle doskonale o tym wie. Sezon 2025 by dla niego koszmarem. Potworna kontuzja biodra … [+1833 chars]",,2026-02-09 11:15:08+00:00,random,,,
0b4b35fef5c90d72ee43cdb7e0e0016a,2026-01-25T21:05:53Z,Earthquake,trzęsienie ziemi,wydarzenia.interia.pl,pl,0.7,"Erdbeben in der chinesischen Armee. „Dieser Schritt bedeutet völlige Zerstörung.“ General Zhang Youxia, stellvertretender Vorsitzender der Zentralen Militärkommission, wird beschuldigt, den USA Informationen über Chinas Atomprogramm zur Verfügung gestellt zu haben – berichtet „WSJ“. - Dieser Schritt ist beispiellos und bedeutet die völlige Zerstörung des obersten Kommandos - Co...","Trzęsienie ziemi w chińskiej armii. ""Ten krok oznacza całkowitą zagładę""","Generał Zhang Youxia, wiceprzewodniczącego Centralnej Komisji Wojskowej, jest oskarżony o przekazywanie USA informacji na temat programu nuklearnego Chin - informuje ""WSJ"". - Ten krok jest bezprecedensowy i oznacza całkowitą zagładę najwyższego dowództwa - ko…","Earthquake in the Chinese army. ""This step means total destruction."" General Zhang Youxia, vice chairman of the Central Military Commission, is accused of providing the US with information about China's nuclear program - reports ""WSJ"". - This step is unprecedented and means the complete destruction of the highest command - co...","Terrae motus in exercitu Sinensi. ""Hoc gradum significat interitum."" Generalis Zhang Youxia, praeses Commissionis Militaris Centralis, accusatur providere US informationes de programmate nuclei Sinarum - tradit ""WSJ"". Hoc inusitatum est et significat delendam summam imperii - co...","https://wydarzenia.interia.pl/zagranica/news-trzesienie-ziemi-w-chinskiej-armii-ten-krok-oznacza-calkowit,nId,22543330",https://i.iplsc.com/-/000M8PW8GXD0UEDP-C461.jpg,,"W skrócie
<ul><li>
Genera Zhang Youxia, wiceprzewodniczcy Centralnej Komisji Wojskowej, zosta oskarony o przekazanie USA danych technologicznych dotyczcych chiskiej broni jdrowej - twierdzi ""Wall S… [+2894 chars]",,2026-02-09 11:15:08+00:00,random,,,
fa37aec1274b1dbc9c1a9b1d9cdb9b26,2026-01-23T07:20:23Z,Earthquake,trzęsienie ziemi,businessinsider.com.pl,pl,0.9,"„Banzai!“ Politisches Erdbeben in Japan. Der japanische Premierminister Sanae Takaichi löste das Unterhaus des Parlaments auf und machte damit den Weg für vorgezogene Neuwahlen frei, die für den 8. Februar geplant waren. Die Abgeordneten begrüßten die Entscheidung mit einem „Banzai!“-Rufen.","""Banzai!"". Polityczne trzęsienie ziemi w Japonii","Premierka Japonii Sanae Takaichi rozwiązała niższą izbę parlamentu, otwierając tym samym drogę do przedterminowych wyborów wyznaczonych na 8 lutego. Posłowie powitali decyzję okrzykiem ""Banzai!"".","""Banzai!"" Political earthquake in Japan. Japanese Prime Minister Sanae Takaichi dissolved the lower house of parliament, thus opening the way to early elections scheduled for February 8. MEPs greeted the decision with a shout of ""Banzai!""","""Banzai!"" Terrae motus politicus in Iaponia. Primus minister Sanae Takaichi domum inferiorem parlamenti dissolvit, ita viam aperiens primis comitiis ante diem tertium Februarii 8. MEPs consilium cum clamore ""Banzai"" salutavit.",https://businessinsider.com.pl/wiadomosci/premierka-takaichi-rozwiazala-parlament-beda-wybory/gfr9w7d,https://ocdn.eu/pulscms-transforms/1/jNqk9kpTURBXy84NzM0NGFmMzBlYmUyZjY1MjRjZTYwYmNmODY1ZjYyNS5qcGeSlQMAzHHNB9DNBGWTBc0EsM0Cdt4AAaEwAQ,,"Sanae Takaichi sprawuje wadz zaledwie od trzech miesicy, ale zdecydowaa si na ten ruch polityczny w momencie szczytowej popularnoci.Wedug grudniowego badania dziennika ""Nikkei"" pierwsza w historii ko… [+1934 chars]",,2026-02-09 11:15:08+00:00,random,,,
5a7a0ad23bb9624f4a89f2de7a176398,2026-01-24T04:15:33Z,Earthquake,trzęsienie ziemi,tvn24.pl,pl,0.9,"Das Weiße Haus verteidigt Trump, ein politisches Erdbeben in Posen, Musk scherzt über den Friedensrat. Das Weiße Haus reagierte auf die Kritik von Präsident Donald Trump an seinen Worten über die Rolle der US-Verbündeten während des Krieges in Afghanistan. Der Bürgermeister von Posen, Jacek Jaśkowiak, hat seinen Stellvertreter Mariusz Wiśniewski entlassen, wofür er möglicherweise einen hohen politischen Preis zahlen muss.…","Biały Dom broni Trumpa, polityczne trzęsienie ziemi w Poznaniu, Musk żartuje z Rady Pokoju","Biały Dom odniósł się do krytyki prezydenta Donalda Trumpa za jego słowa o roli sojuszników USA podczas wojny w Afganistanie. Prezydent Poznania Jacek Jaśkowiak zdymisjonował swojego zastępcę Mariusza Wiśniewskiego, za co może zapłacić wysoką polityczną cenę.…","The White House defends Trump, a political earthquake in Poznań, Musk jokes about the Peace Council. The White House responded to President Donald Trump's criticism of his words about the role of US allies during the war in Afghanistan. The Mayor of Poznań, Jacek Jaśkowiak, dismissed his deputy Mariusz Wiśniewski, for which he may pay a high political price.…","Domus Albae Trump defendit, terrae motum politicum in Pozna, iocis Musk de Consilio pacis. Domus Alba respondit praesidi Donald Trump reprehensionem verborum suorum de munere sociorum US in bello in Afghanistan. Majoris Pozna, Jacek Jaśkowiak, legatum suum Mariusz Wiśniewski dimisit, pro quo magno rei publicae pretio persolvat.",https://tvn24.pl/polska/piec-rzeczy-ktore-warto-wiedziec-w-sobote-24-stycznia-najwazniejsze-informacje-st8865254,https://tvn24.pl/_e/i/najnowsze/cdn-zdjecie-2320966-prezydent-usa-donald-trump-ph8865253/alternates/WEBP_LANDSCAPE_840,,Biay Dom odniós si do krytyki prezydenta Donalda Trumpa za jego sowa o roli sojuszników USA podczas wojny w Afganistanie. Prezydent Poznania Jacek Jakowiak zdymisjonowa swojego zastpc Mariusza Winiew… [+2852 chars],,2026-02-09 11:15:08+00:00,random,,,
38ac8a822b577aa4baf3bb09eaae3458,2026-01-16T06:00:00Z,Earthquake,trzęsienie ziemi,przegladsportowy.onet.pl,pl,0.7,"Erdbeben in Real Madrid. „Es war wirklich eine Schande.“ <![CDATA[ <img hspace=""5"" src=""https://ocdn.eu/sport-images-transforms/1/3Ofk9lBaHR0cHM6Ly9vY2RuLmV1L3B1bHNjbXMvTURBXy82MDA2 M2YyMWY0OTJmNzI5ZTJjOThmOWNlYTNhNzc4Yi5qcGeTlQPNAX_MjM0KS80FypMFzQUAzQLQkwmmZDQxZDhjBt4AAqEwAaExAQ"" align=""right"" />Was verursachte das…","Trzęsienie ziemi w Realu Madryt. ""To było naprawdę haniebne""","<![CDATA[ <img hspace=""5"" src=""https://ocdn.eu/sport-images-transforms/1/3Ofk9lBaHR0cHM6Ly9vY2RuLmV1L3B1bHNjbXMvTURBXy82MDA2M2YyMWY0OTJmNzI5ZTJjOThmOWNlYTNhNzc4Yi5qcGeTlQPNAX_MjM0KS80FypMFzQUAzQLQkwmmZDQxZDhjBt4AAqEwAaExAQ"" align=""right"" />Co spowodowało rozs…","Earthquake in Real Madrid. ""It was truly disgraceful."" <![CDATA[ <img hspace=""5"" src=""https://ocdn.eu/sport-images-transforms/1/3Ofk9lBaHR0cHM6Ly9vY2RuLmV1L3B1bHNjbXMvTURBXy82MDA2 M2YyMWY0OTJmNzI5ZTJjOThmOWNlYTNhNzc4Yi5qcGeTlQPNAX_MjM0KS80FypMFzQUAzQLQkwmmZDQxZDhjBt4AAqEwAaExAQ"" align=""right"" />What caused the…","Terrae motus in Real Madrid. ""Verum turpe."" <![CDATA[ <img hspace=""5"" src=""https://ocdn.eu/sport-images-transforms/1/3Ofk9lBaHR0cHM6Ly9vY2RuLmV1L3B1bHNjbXMvTURBXy82MDA2 M2YyMWY0OTJmNzI5ZTJjOThmOWNlYTNhNzc4Yi5qcGeTlQPNAX_MjM0KS80FypMFzQUAzQLQkwmmZDQxZDhjBt4AAqEwAaExAQ"" align=""right"" />Quod fecit ...",https://przegladsportowy.onet.pl/pilka-nozna/laliga/to-naprawde-haniebne-oto-co-stalo-za-zwolnieniem-trenera-realu-madryt/8y0blt6,https://ocdn.eu/sport-images-transforms/1/w6Gk9lBaHR0cHM6Ly9vY2RuLmV1L3B1bHNjbXMvTURBXy82MDA2M2YyMWY0OTJmNzI5ZTJjOThmOWNlYTNhNzc4Yi5qcGeTlQPNAX_MjM0KS80FypMFzQSwzQJ0kwmmZDQxZDhjBt4AAqEwAaExAQ,,DANIEL SOBIS: Fina igrzysk olimpijskich w Barcelonie pomidzy Hiszpani a Polsk to bardzo pamitny mecz w historii waszego futbolu. Jakie ma pan wspomnienia ze spotkania w 1992 r.?MIKEL LASA: Mecz z Pol… [+6386 chars],,2026-02-09 21:04:47+00:00,random,,,
0ca40b2962310fbf7ac0cc32215e7a4e,2026-01-19T10:09:30Z,Earthquake,trzęsienie ziemi,tvn24.pl,pl,0.9,"„Die Leute schrien um Hilfe, wir haben versucht, sie rauszuholen.“ Passagierkonten nach der Katastrophe. Es war wie ein Erdbeben – berichten Passagiere von Zügen, die am Sonntag im spanischen Andalusien zusammenstießen. „Die Leute haben um Hilfe gerufen, wir haben versucht, sie rauszuholen, aber es war sehr schwierig“, sagt einer der Männer.","""Ludzie wołali o pomoc, próbowaliśmy ich wydostać"". Relacje pasażerów po katastrofie","To było jak trzęsienie ziemi - relacjonują pasażerowie pociągów, które zderzyły się w niedzielę w hiszpańskiej Andaluzji. - Ludzie wołali o pomoc, próbowaliśmy ich wydostać, ale było to bardzo trudne - mówi jeden z mężczyzn.","""People were screaming for help, we tried to get them out."" Passengers' accounts after the disaster. It was like an earthquake - report passengers of trains that collided on Sunday in Spanish Andalusia. - People were calling for help, we tried to get them out, but it was very difficult - says one of the men.","""Populus clamabat auxilium, eos exire conati sumus."" Rationes viatorum post calamitatem. Similis erat terrae motus - fama vectores impedimentorum quae die Dominico in Baetica Hispanica colliduntur. - Homines auxilium vocabant, eos exire conati sumus, sed difficillimum erat - dicit unus ex hominibus.",https://tvn24.pl/swiat/hiszpania-zderzenie-pociagow-w-andaluzji-relacje-pasazerow-i-swiadkow-st8855706,https://tvn24.pl/_e/i/najnowsze/cdn-zdjecie-7715087-katastrofa-kolejowa-w-hiszpanii-ph8855748/alternates/WEBP_LANDSCAPE_840,,"To byo jak trzsienie ziemi - relacjonuj pasaerowie pocigów, które zderzyy si w niedziel w hiszpaskiej Andaluzji. - Ludzie woali o pomoc, próbowalimy ich wydosta, ale byo to bardzo trudne - mówi jeden… [+4571 chars]",,2026-02-09 21:04:47+00:00,random,,,
