index,module,topic,color,feed,term,created,country,ratio,counter,pages,language,ipcc,continent
'5941860f1a',extremes,Fog,#d60d2b,wmo,mgła województwo małopolskie powiat olkuski,2026-02-06T04:27:00+00:00,Poland,0.6863318909716354,0,1,pl,WCE,Europe
'e770a4a3cb',extremes,Snow&Ice,#d60d2b,wmo,mroźne województwo śląskie powiat żywiecki,2026-02-10T04:43:00+00:00,Poland,0.5767448120034835,0,1,pl,WCE,Europe
'36430ea0ce',extremes,Snow&Ice,#d60d2b,wmo,lód województwo lubelskie powiat świdnicki,2026-02-06T04:27:00+00:00,Poland,0.5709089914434098,0,1,pl,WCE,Europe
'f160a3ab97',extremes,Snow&Ice,#d60d2b,wmo,lód województwo pomorskie powiat gdański,2026-02-04T04:21:00+00:00,Poland,0.5643774527758736,0,1,pl,WCE,Europe
'a1e7a0ac6b',extremes,Snow&Ice,#d60d2b,wmo,śnieg województwo pomorskie powiat gdyński,2026-02-16T04:38:00+00:00,Poland,0.5604289049824742,0,1,pl,WCE,Europe
'dbf7415f11',extremes,Snow&Ice,#d60d2b,wmo,mróz województwo pomorskie powiat słupski,2026-02-11T04:41:00+00:00,Poland,0.56005737937633,0,1,pl,WCE,Europe
'01dabc20f8',extremes,Snow&Ice,#d60d2b,wmo,lód województwo pomorskie powiat kartuski,2026-02-03T04:27:00+00:00,Poland,0.5590835234949724,0,1,pl,WCE,Europe
'dedc8ea618',extremes,Snow&Ice,#d60d2b,wmo,śnieg województwo małopolskie powiat brzeski,2026-02-05T04:27:00+00:00,Poland,0.5590180590150859,0,1,pl,WCE,Europe
'a7a44c3810',extremes,Snow&Ice,#d60d2b,wmo,mróz województwo śląskie powiat żorski,2026-01-31T04:16:00+00:00,Poland,0.5584820797471228,0,1,pl,WCE,Europe
'e63b88a717',extremes,Snow&Ice,#d60d2b,wmo,mroźne województwo śląskie powiat teski,2026-02-10T04:43:00+00:00,Poland,0.5581075764331612,0,1,pl,WCE,Europe
'ef72792c33',extremes,Snow&Ice,#d60d2b,wmo,lód województwo lubelskie powiat radzyński,2026-01-31T04:16:00+00:00,Poland,0.4817574137518136,1,1,pl,WCE,Europe
'5d0ab5ed94',extremes,Snow&Ice,#d60d2b,wmo,mróz województwo lubelskie powiat opolski,2026-01-27T03:58:00+00:00,Poland,0.481628994293768,1,1,pl,WCE,Europe
'7ecc400eec',extremes,Snow&Ice,#d60d2b,wmo,mróz województwo opolskie powiat strzelecki,2026-02-08T04:43:00+00:00,Poland,0.4811322761519127,1,1,pl,WCE,Europe
'c9d7670508',extremes,Snow&Ice,#d60d2b,wmo,śnieg województwo śląskie powiat żorski,2026-02-08T04:43:00+00:00,Poland,0.481021642411134,1,1,pl,WCE,Europe
'ddf2cba576',extremes,Snow&Ice,#d60d2b,wmo,śnieg województwo lubelskie powiat zamojski,2026-01-27T03:58:00+00:00,Poland,0.4806685043865136,1,1,pl,WCE,Europe
'96f4d07e2b',extremes,Snow&Ice,#d60d2b,wmo,lód województwo lubelskie powiat łukowski,2026-01-26T04:09:00+00:00,Poland,0.4805650082965903,1,1,pl,WCE,Europe
'bb92312dfb',extremes,Snow&Ice,#d60d2b,wmo,mróz województwo śląskie powiat gliwicki,2026-02-08T04:43:00+00:00,Poland,0.4805333115090567,1,1,pl,WCE,Europe
'ca9dd22181',extremes,Snow&Ice,#d60d2b,wmo,śnieg województwo śląskie powiat pszczyński,2026-01-31T04:16:00+00:00,Poland,0.4802994831579468,1,1,pl,WCE,Europe
'452e03c11a',extremes,Snow&Ice,#d60d2b,wmo,śnieg województwo pomorskie powiat bytowski,2026-02-07T04:19:00+00:00,Poland,0.4802458504026629,1,1,pl,WCE,Europe
'e6afa71a79',extremes,Fog,#d60d2b,wmo,mgła województwo małopolskie powiat krakowski,2026-02-06T04:27:00+00:00,Poland,0.4798056128567792,2,1,pl,WCE,Europe
'0512af37b8',extremes,Snow&Ice,#d60d2b,wmo,zamarzanie województwo łódzkie powiat brzeziński,2026-02-01T04:41:00+00:00,Poland,0.4797101413289977,1,1,pl,WCE,Europe
'135dd4aa3b',extremes,Snow&Ice,#d60d2b,wmo,śnieg województwo śląskie powiat będziński,2026-02-04T04:21:00+00:00,Poland,0.4790635966548689,1,1,pl,WCE,Europe
'7eab5ae370',extremes,Snow&Ice,#d60d2b,wmo,śnieg województwo śląskie powiat raciborski,2026-02-05T04:27:00+00:00,Poland,0.4789399943600097,1,1,pl,WCE,Europe
'14581f2afe',extremes,Fog,#d60d2b,wmo,mgła województwo śląskie powiat jaworzno,2026-02-06T04:27:00+00:00,Poland,0.4789182227476675,2,1,pl,WCE,Europe
'1ebf6a2b51',extremes,Snow&Ice,#d60d2b,wmo,śnieg województwo śląskie powiat lubliniecki,2026-02-08T04:43:00+00:00,Poland,0.4784985472810188,1,1,pl,WCE,Europe
'ec6692f53b',extremes,Snow&Ice,#d60d2b,wmo,śnieg województwo małopolskie powiat tarnowski,2026-02-04T04:21:00+00:00,Poland,0.477565980481374,1,1,pl,WCE,Europe
'5edbf5220e',extremes,Snow&Ice,#d60d2b,wmo,mróz województwo wielkopolskie powiat koniński,2026-02-01T04:41:00+00:00,Poland,0.4775484207026484,1,1,pl,WCE,Europe
'a7b9f76a83',extremes,Snow&Ice,#d60d2b,wmo,mróz województwo opolskie powiat prudnicki,2026-02-04T04:21:00+00:00,Poland,0.4770640178498276,1,1,pl,WCE,Europe
'9275e8cfe5',extremes,Snow&Ice,#d60d2b,wmo,mróz województwo opolskie powiat nyski,2026-02-15T04:35:00+00:00,Poland,0.4765425726352827,1,1,pl,WCE,Europe
'acb2491e40',extremes,Snow&Ice,#d60d2b,wmo,zamarzanie województwo śląskie powiat rybnicki,2026-02-06T04:27:00+00:00,Poland,0.4765336996745532,1,1,pl,WCE,Europe
'67504c5ce9',extremes,Snow&Ice,#d60d2b,wmo,mróz województwo lubelskie powiat puławski,2026-02-04T04:21:00+00:00,Poland,0.4764052981086018,1,1,pl,WCE,Europe
'0cf17e5972',extremes,Snow&Ice,#d60d2b,wmo,"zamarzanie woj. opolskie, powiat prudnicki",2026-02-08T04:43:00+00:00,Poland,0.4762781483833684,1,1,pl,WCE,Europe
'9ac204f530',extremes,Snow&Ice,#d60d2b,wmo,lód województwo małopolskie powiat brzeski,2026-02-15T04:35:00+00:00,Poland,0.475389927089991,1,1,pl,WCE,Europe
'96c8356f92',extremes,Snow&Ice,#d60d2b,wmo,mróz województwo łódzkie powiat wieluński,2026-02-03T04:27:00+00:00,Poland,0.4752172853034591,1,1,pl,WCE,Europe
'd2440eb33d',extremes,Snow&Ice,#d60d2b,wmo,lód województwo mazowieckie powiat miński,2026-01-15T10:56:00+00:00,Poland,0.4742172200484953,3,1,pl,WCE,Europe
'c8b04c7d79',extremes,Snow&Ice,#d60d2b,wmo,śnieg województwo lubelskie powiat janowski,2026-01-15T10:56:00+00:00,Poland,0.4742067410463245,3,1,pl,WCE,Europe
'2b924857ab',extremes,Fog,#d60d2b,wmo,mgła województwo lubuskie powiat nowosolski,2026-01-15T12:14:00+00:00,Poland,0.4740310391681124,3,1,pl,WCE,Europe
'e72148e123',extremes,Fog,#d60d2b,wmo,mgła województwo śląskie powiat zabrzeski,2026-01-15T12:14:00+00:00,Poland,0.47402100150999,3,1,pl,WCE,Europe
'b75a58c8fe',extremes,Fog,#d60d2b,wmo,mgła województwo śląskie powiat mysłowicki,2026-01-15T10:56:00+00:00,Poland,0.4740206820488756,3,1,pl,WCE,Europe
'a6a7337718',extremes,Fog,#d60d2b,wmo,mgła województwo lubuskie powiat słubicki,2026-01-15T12:14:00+00:00,Poland,0.4739923029473109,3,1,pl,WCE,Europe
'890325b418',extremes,Fog,#d60d2b,wmo,mgła województwo śląskie powiat ruda śląska,2026-01-15T12:14:00+00:00,Poland,0.4738490307428261,3,1,pl,WCE,Europe
'1d4d54efff',extremes,Fog,#d60d2b,wmo,mgła województwo opolskie powiat oleski,2026-01-15T12:14:00+00:00,Poland,0.4738473542821024,3,1,pl,WCE,Europe
'167524c992',extremes,Fog,#d60d2b,wmo,mgła województwo śląskie powiat tarnogórski,2026-01-15T12:14:00+00:00,Poland,0.4738423162272853,3,1,pl,WCE,Europe
'4d295ce2a7',extremes,Fog,#d60d2b,wmo,mgła województwo opolskie powiat opolski,2026-01-15T12:14:00+00:00,Poland,0.4738405017356221,3,1,pl,WCE,Europe
'7e9a67cc1c',extremes,Fog,#d60d2b,wmo,mgła województwo lubuskie powiat żarski,2026-01-15T10:56:00+00:00,Poland,0.4738288940960933,3,1,pl,WCE,Europe
'9c1ad65d60',extremes,Fog,#d60d2b,wmo,mgła województwo śląskie powiat mikołowski,2026-01-15T12:14:00+00:00,Poland,0.473827351408691,3,1,pl,WCE,Europe
'c7c59dcdfd',extremes,Fog,#d60d2b,wmo,mgła województwo śląskie powiat teski,2026-01-15T12:14:00+00:00,Poland,0.4738235623907975,3,1,pl,WCE,Europe
'adc6916342',extremes,Fog,#d60d2b,wmo,mgła województwo lubuskie powiat żagański,2026-01-15T10:56:00+00:00,Poland,0.4738159316386804,3,1,pl,WCE,Europe
'8817fd285d',extremes,Snow&Ice,#d60d2b,wmo,śnieżna Polska,2026-02-05T04:27:00+00:00,Poland,0.4701893803622176,4,2,pl,WCE,Europe
'9e020e244e',extremes,Drought,#edc291,edo,susza w polsce,2026-02-11T04:42:00+00:00,Poland,0.4609839042508094,4,1,pl,WCE,Europe
'c2a1de8dc8',extremes,Storm,#b3b2b1,wmo,burza Polska,2026-01-18T03:57:00+00:00,Poland,0.4540245264701107,2,3,pl,WCE,Europe
'4340c9e06c',extremes,Snow&Ice,#d60d2b,wmo,mroźna polska,2026-01-15T10:56:00+00:00,Poland,0.4520925595654209,3,1,pl,WCE,Europe
'29f27e328f',extremes,Fog,#d60d2b,wmo,mgła województwo pomorskie powiat sztumski,2026-02-12T04:37:00+00:00,Poland,0.443783922079873,2,1,pl,WCE,Europe
'b6e0d97ba8',extremes,Snow&Ice,#d60d2b,wmo,lód województwo lubelskie powiat puławski,2026-02-05T04:27:00+00:00,Poland,0.4421816610824495,2,1,pl,WCE,Europe
'ec4db58dbd',extremes,Snow&Ice,#d60d2b,wmo,śnieg województwo łódzkie powiat brzeziński,2026-01-23T04:03:00+00:00,Poland,0.4396726965650954,2,1,pl,WCE,Europe
'4c441b922a',extremes,Snow&Ice,#d60d2b,wmo,mróz województwo opolskie powiat opolski,2026-01-23T04:03:00+00:00,Poland,0.4379232193506536,2,1,pl,WCE,Europe
'4a103373c4',extremes,Snow&Ice,#d60d2b,wmo,zamarzanie województwo podlaskie powiat łomżyński,2026-01-21T03:56:00+00:00,Poland,0.4367773336385765,2,1,pl,WCE,Europe
'cdfdb34b5c',extremes,Snow&Ice,#d60d2b,wmo,śnieg województwo mazowieckie powiat płoński,2026-02-03T04:27:00+00:00,Poland,0.4367513855348454,2,1,pl,WCE,Europe
'49810125f2',extremes,Snow&Ice,#d60d2b,wmo,lód województwo łódzkie powiat opoczyński,2026-02-02T04:36:00+00:00,Poland,0.4366345999840244,2,1,pl,WCE,Europe
'305394f837',extremes,Snow&Ice,#d60d2b,wmo,zamarzanie województwo śląskie powiat gliwicki,2026-02-05T04:27:00+00:00,Poland,0.4365210141022078,2,1,pl,WCE,Europe
'67ef2de93c',extremes,Snow&Ice,#d60d2b,wmo,lód województwo opolskie powiat brzeski,2026-01-28T03:56:00+00:00,Poland,0.4355434189599124,2,1,pl,WCE,Europe
'2c2fd4f8e2',extremes,Snow&Ice,#d60d2b,wmo,śnieg województwo opolskie powiat brzeski,2026-01-24T03:48:00+00:00,Poland,0.4351132354773165,2,1,pl,WCE,Europe
'b6e2679d77',extremes,Snow&Ice,#d60d2b,wmo,śnieg województwo podlaskie powiat bielski,2026-01-20T03:56:00+00:00,Poland,0.4349308188027392,2,1,pl,WCE,Europe
'0f44cf1f81',extremes,Fog,#d60d2b,wmo,mgła województwo opolskie powiat głubczycki,2026-02-06T04:27:00+00:00,Poland,0.433352063915585,3,1,pl,WCE,Europe
'fb5612e481',extremes,Snow&Ice,#d60d2b,wmo,lód województwo lubelskie powiat łęczyński,2026-01-18T03:57:00+00:00,Poland,0.4330343044115207,2,1,pl,WCE,Europe
'2555dcd123',extremes,Snow&Ice,#d60d2b,wmo,"lód województwo lubuskie, powiat słubicki",2026-01-25T04:06:00+00:00,Poland,0.4330258034672689,2,1,pl,WCE,Europe
'c1c7fbbe90',extremes,Snow&Ice,#d60d2b,wmo,lód województwo opolskie powiat strzelecki,2026-02-05T04:27:00+00:00,Poland,0.4327042862982814,2,1,pl,WCE,Europe
'e81eedaccd',extremes,Snow&Ice,#d60d2b,wmo,mróz województwo podlaskie powiat bielski,2026-01-27T03:58:00+00:00,Poland,0.4323279402243454,2,1,pl,WCE,Europe
'cf8d1e9ba0',extremes,Fog,#d60d2b,wmo,mgła województwo śląskie powiat częstochowski,2026-02-06T04:27:00+00:00,Poland,0.4318044982553361,3,1,pl,WCE,Europe
'aa115b112f',extremes,Snow&Ice,#d60d2b,wmo,lód województwo małopolskie powiat olkuski,2026-02-08T04:43:00+00:00,Poland,0.4312850978758377,2,1,pl,WCE,Europe
'4c90e39b56',extremes,Snow&Ice,#d60d2b,wmo,lód województwo lubelskie powiat lubelski,2026-01-19T04:03:00+00:00,Poland,0.4308629196540893,2,1,pl,WCE,Europe
'79830a1866',extremes,Snow&Ice,#d60d2b,wmo,mróz województwo podlaskie powiat łomżyński,2026-01-20T03:56:00+00:00,Poland,0.4307565120360913,2,1,pl,WCE,Europe
'59366a256b',extremes,Snow&Ice,#d60d2b,wmo,mróz województwo mazowieckie powiat płocki,2026-01-21T03:56:00+00:00,Poland,0.4306999724893819,2,1,pl,WCE,Europe
'59a297a708',extremes,Snow&Ice,#d60d2b,wmo,śnieg województwo śląskie powiat bielski,2026-02-04T04:21:00+00:00,Poland,0.4303285224837721,2,1,pl,WCE,Europe
'db006adf9c',extremes,Snow&Ice,#d60d2b,wmo,mróz województwo mazowieckie powiat radomski,2026-02-01T04:41:00+00:00,Poland,0.4301655088839038,2,1,pl,WCE,Europe
'4436ba1f0a',extremes,Snow&Ice,#d60d2b,wmo,śnieg województwo łódzkie powiat łowicki,2026-01-25T04:06:00+00:00,Poland,0.4299950416742159,2,1,pl,WCE,Europe
'fce12487ac',extremes,Snow&Ice,#d60d2b,wmo,śnieg województwo łódzkie powiat rawski,2026-01-19T04:03:00+00:00,Poland,0.4298339741693145,2,1,pl,WCE,Europe
'1b34dafb46',extremes,Snow&Ice,#d60d2b,wmo,lód województwo lubelskie powiat opolski,2026-01-21T03:56:00+00:00,Poland,0.4295433474479689,2,1,pl,WCE,Europe
'67a005d5b5',extremes,Snow&Ice,#d60d2b,wmo,"śnieg województwo śląskie, powiat cieszyński",2026-02-04T04:21:00+00:00,Poland,0.4293888235254333,2,1,pl,WCE,Europe
'f85a7862e1',extremes,Snow&Ice,#d60d2b,wmo,lód województwo pomorskie powiat gdański,2026-01-19T04:03:00+00:00,Poland,0.4293844358178635,2,1,pl,WCE,Europe
'66e839c2a8',extremes,Snow&Ice,#d60d2b,wmo,lód województwo mazowieckie powiat otwocki,2026-01-20T03:56:00+00:00,Poland,0.4291843276481554,3,1,pl,WCE,Europe
'5c5b23ad85',extremes,Snow&Ice,#d60d2b,wmo,lód województwo śląskie powiat kłobucki,2026-02-01T04:41:00+00:00,Poland,0.4290979811701094,2,1,pl,WCE,Europe
'4c23af0ee9',extremes,Snow&Ice,#d60d2b,wmo,lód województwo lubelskie powiat chełmski,2026-01-28T03:56:00+00:00,Poland,0.4290761621461334,2,1,pl,WCE,Europe
'ba72886521',extremes,Snow&Ice,#d60d2b,wmo,śnieg województwo śląskie powiat mysłowicki,2026-01-25T04:06:00+00:00,Poland,0.4289466537995695,3,1,pl,WCE,Europe
'6e88a9d530',extremes,Snow&Ice,#d60d2b,wmo,śnieg województwo lubuskie powiat żarski,2026-02-05T04:27:00+00:00,Poland,0.4288258765729014,2,1,pl,WCE,Europe
'aa478756d8',extremes,Snow&Ice,#d60d2b,wmo,lód województwo łódzkie powiat łowicki,2026-01-18T03:57:00+00:00,Poland,0.4286135042180318,2,1,pl,WCE,Europe
'ba0992adf1',extremes,Snow&Ice,#d60d2b,wmo,zamarzanie województwo podlaskie powiat grajewski,2026-01-19T04:03:00+00:00,Poland,0.4284826380628487,2,1,pl,WCE,Europe
'c8ca2fc3fd',extremes,Snow&Ice,#d60d2b,wmo,śnieg województwo śląskie powiat jaworzno,2026-01-23T04:03:00+00:00,Poland,0.4284120235018959,3,1,pl,WCE,Europe
'a201bef21c',extremes,Snow&Ice,#d60d2b,wmo,lód województwo śląskie powiat bytomski,2026-01-25T04:06:00+00:00,Poland,0.4284050373221439,3,1,pl,WCE,Europe
'5996fa4f72',extremes,Snow&Ice,#d60d2b,wmo,zamarzanie województwo podlaskie powiat kolneński,2026-02-03T04:27:00+00:00,Poland,0.4283886674706829,2,1,pl,WCE,Europe
'a915cd6d30',extremes,Snow&Ice,#d60d2b,wmo,lód województwo pomorskie powiat lęborski,2026-01-31T04:16:00+00:00,Poland,0.4280711399208824,2,1,pl,WCE,Europe
'ba28b934d3',extremes,Snow&Ice,#d60d2b,wmo,lód województwo lubuskie powiat nowosolski,2026-01-27T03:58:00+00:00,Poland,0.4271044611394433,2,1,pl,WCE,Europe
'13de0d3de7',extremes,Snow&Ice,#d60d2b,wmo,lód województwo pomorskie powiat tczewski,2026-02-02T04:36:00+00:00,Poland,0.4268832135750759,2,1,pl,WCE,Europe
'dd1c5de1eb',extremes,Snow&Ice,#d60d2b,wmo,mróz województwo pomorskie powiat malborski,2026-01-26T04:09:00+00:00,Poland,0.4267021915496782,2,1,pl,WCE,Europe
'e7d31896fa',extremes,Snow&Ice,#d60d2b,wmo,mróz województwo lubuskie powiat gorzowski,2026-01-26T04:09:00+00:00,Poland,0.4266938650831245,2,1,pl,WCE,Europe
'9439ebe263',extremes,Snow&Ice,#d60d2b,wmo,lód województwo lubelskie powiat lubelski,2026-01-18T03:57:00+00:00,Poland,0.4262875413252544,2,1,pl,WCE,Europe
'3358a0d223',extremes,Snow&Ice,#d60d2b,wmo,zamarzanie województwo lubelskie powiat rycki,2026-01-19T04:03:00+00:00,Poland,0.425882699216144,2,1,pl,WCE,Europe
'3a13b0702f',extremes,Snow&Ice,#d60d2b,wmo,zamarzanie województwo pomorskie powiat lęborski,2026-02-03T04:27:00+00:00,Poland,0.4255450732837879,2,1,pl,WCE,Europe
'4074f131bc',extremes,Snow&Ice,#d60d2b,wmo,śnieg województwo pomorskie powiat malborski,2026-01-20T03:56:00+00:00,Poland,0.4254694653922972,2,1,pl,WCE,Europe
'b49cc8e4a5',extremes,Snow&Ice,#d60d2b,wmo,zamarzanie województwo opolskie powiat opolski,2026-02-04T04:21:00+00:00,Poland,0.4253299254657553,2,1,pl,WCE,Europe
'b5cdb5fdf9',extremes,Snow&Ice,#d60d2b,wmo,zamarzanie województwo łódzkie powiat rawski,2026-01-18T03:57:00+00:00,Poland,0.425076043034205,3,1,pl,WCE,Europe
'826da7df6f',extremes,Snow&Ice,#d60d2b,wmo,mróz województwo mazowieckie powiat lipski,2026-01-19T04:03:00+00:00,Poland,0.4242959092314336,2,1,pl,WCE,Europe
'd44d1e2a21',extremes,Snow&Ice,#d60d2b,wmo,"lód woj. pomorskie, powiat chojnicki",2026-01-31T04:16:00+00:00,Poland,0.4239400768849493,3,1,pl,WCE,Europe
'4d91585fdc',extremes,Snow&Ice,#d60d2b,wmo,lód województwo pomorskie powiat sztumski,2026-01-23T04:03:00+00:00,Poland,0.4237406088583065,2,1,pl,WCE,Europe
'2a1b2cf31e',extremes,Snow&Ice,#d60d2b,wmo,śnieg województwo opolskie powiat opolski,2026-01-25T04:06:00+00:00,Poland,0.4234849629628987,3,1,pl,WCE,Europe
'22cf42b1f9',extremes,Snow&Ice,#d60d2b,wmo,zamarzanie województwo śląskie powiat ruda śląska,2026-02-04T04:21:00+00:00,Poland,0.4232956714266812,2,1,pl,WCE,Europe
'ec3925a6b2',extremes,Snow&Ice,#d60d2b,wmo,mróz województwo małopolskie powiat krakowski,2026-02-05T04:27:00+00:00,Poland,0.422940685160533,2,1,pl,WCE,Europe
'1fb9a24c10',extremes,Snow&Ice,#d60d2b,wmo,zamarzanie województwo małopolskie powiat brzeski,2026-02-02T04:36:00+00:00,Poland,0.4228603293822722,2,1,pl,WCE,Europe
'248a812146',extremes,Storm,#b3b2b1,wmo,burza w zachodniej strefie przybrzeżnej,2026-01-31T04:16:00+00:00,Poland,0.4226061699341167,2,1,pl,WCE,Europe
'6b46abf873',extremes,Snow&Ice,#d60d2b,wmo,lód województwo łódzkie powiat brzeziński,2026-01-28T03:56:00+00:00,Poland,0.4224859833051123,2,1,pl,WCE,Europe
'0bc9117d9d',extremes,Snow&Ice,#d60d2b,wmo,lód województwo śląskie powiat zabrzeski,2026-02-04T04:21:00+00:00,Poland,0.4223972398621743,2,1,pl,WCE,Europe
'9d248c7381',extremes,Snow&Ice,#d60d2b,wmo,zamarzanie województwo śląskie powiat bielski,2026-01-25T04:06:00+00:00,Poland,0.4223831208979912,3,1,pl,WCE,Europe
'8e39efd3a5',extremes,Snow&Ice,#d60d2b,wmo,mróz województwo opolskie powiat głubczycki,2026-01-31T04:16:00+00:00,Poland,0.422359482214323,2,1,pl,WCE,Europe
'93132c3059',extremes,Snow&Ice,#d60d2b,wmo,śnieg województwo śląskie powiat częstochowski,2026-01-25T04:06:00+00:00,Poland,0.4223097910520478,3,1,pl,WCE,Europe
'b45c68cbb5',extremes,Snow&Ice,#d60d2b,wmo,lód województwo mazowieckie powiat siedlecki,2026-02-03T04:27:00+00:00,Poland,0.4222420466273189,2,1,pl,WCE,Europe
'53a0397d6f',extremes,Snow&Ice,#d60d2b,wmo,zamarzanie województwo lubuskie powiat żagański,2026-01-25T04:06:00+00:00,Poland,0.4220384252841178,2,1,pl,WCE,Europe
'13329f4bf1',extremes,Snow&Ice,#d60d2b,wmo,marznąca Polska,2026-02-05T04:27:00+00:00,Poland,0.4219145257354664,3,1,pl,WCE,Europe
'489ed44253',extremes,Snow&Ice,#d60d2b,wmo,śnieg województwo łódzkie powiat zgierski,2026-01-23T04:03:00+00:00,Poland,0.4217092270057117,2,1,pl,WCE,Europe
'ca7c25a10a',extremes,Storm,#b3b2b1,wmo,fala sztormowa w zachodniej strefie przybrzeżnej,2026-01-26T04:09:00+00:00,Poland,0.4215854898700596,2,1,pl,WCE,Europe
'2b862256e4',extremes,Snow&Ice,#d60d2b,wmo,śnieg województwo podkarpackie powiat leski,2026-02-08T04:43:00+00:00,Poland,0.4214987378758772,2,1,pl,WCE,Europe
'adc6dcab3a',extremes,Snow&Ice,#d60d2b,wmo,mróz województwo lubelskie powiat radzyński,2026-02-02T04:36:00+00:00,Poland,0.4214338565322826,2,1,pl,WCE,Europe
'4d2ecb1653',extremes,Snow&Ice,#d60d2b,wmo,mróz województwo pomorskie powiat gdyński,2026-01-26T04:09:00+00:00,Poland,0.4210529913372473,2,1,pl,WCE,Europe
'f976e82676',extremes,Snow&Ice,#d60d2b,wmo,mróz województwo śląskie powiat katowicki,2026-02-04T04:21:00+00:00,Poland,0.4210395035353327,2,1,pl,WCE,Europe
'b079bb7dc4',extremes,Snow&Ice,#d60d2b,wmo,zamarzanie województwo łódzkie powiat łaski,2026-02-04T04:21:00+00:00,Poland,0.4210044833318059,2,1,pl,WCE,Europe
'43e9e6de6a',extremes,Snow&Ice,#d60d2b,wmo,lód województwo łódzkie powiat pabianicki,2026-02-08T04:43:00+00:00,Poland,0.4209847138890766,2,1,pl,WCE,Europe
'0c7e473620',extremes,Snow&Ice,#d60d2b,wmo,lód województwo śląskie powiat pszczyński,2026-02-04T04:21:00+00:00,Poland,0.4209224722147238,2,1,pl,WCE,Europe
'6fb781b401',extremes,Fog,#d60d2b,wmo,mgła województwo śląskie powiat myszkowski,2026-02-06T04:27:00+00:00,Poland,0.4202862240218958,3,1,pl,WCE,Europe
'673564cc98',extremes,Snow&Ice,#d60d2b,wmo,zamarzanie województwo łódzkie powiat pabianicki,2026-02-01T04:41:00+00:00,Poland,0.4202633705585563,2,1,pl,WCE,Europe
'a5b454f6d6',extremes,Snow&Ice,#d60d2b,wmo,lód województwo śląskie powiat mikołowski,2026-02-06T04:27:00+00:00,Poland,0.4196038474425325,2,1,pl,WCE,Europe
'0d51766b1f',extremes,Snow&Ice,#d60d2b,wmo,mróz województwo śląskie powiat tarnogórski,2026-02-06T04:27:00+00:00,Poland,0.4195345979827952,2,1,pl,WCE,Europe
'9f56f3696e',extremes,Drought,#edc291,edo,okres suszy na Litwie,2026-01-28T03:56:00+00:00,Lithuania,0.4193515801584177,2,1,pl,WCE,Europe
'48bfcf112e',extremes,Snow&Ice,#d60d2b,wmo,"śnieg województwo lubuskie, powiat sulęciński",2026-02-05T04:27:00+00:00,Poland,0.4190924852753968,2,1,pl,WCE,Europe
'aaac6dedae',extremes,Snow&Ice,#d60d2b,wmo,zamarzanie województwo śląskie powiat raciborski,2026-01-25T04:06:00+00:00,Poland,0.4188837758886231,3,1,pl,WCE,Europe
'21b1cadb27',extremes,Snow&Ice,#d60d2b,wmo,mróz województwo mazowieckie powiat łosicki,2026-01-27T03:58:00+00:00,Poland,0.4188663042582123,2,1,pl,WCE,Europe
'18ebaae6fe',extremes,Fog,#d60d2b,wmo,mgła województwo lubelskie powiat puławski,2026-01-27T03:58:00+00:00,Poland,0.4187717917163526,3,1,pl,WCE,Europe
'fdfe4aff2f',extremes,Snow&Ice,#d60d2b,wmo,lód województwo łódzkie powiat łódzki,2026-02-03T04:27:00+00:00,Poland,0.4186831684833292,2,1,pl,WCE,Europe
'aaf0987b7a',extremes,Snow&Ice,#d60d2b,wmo,mróz województwo lubuskie powiat żagański,2026-01-27T03:58:00+00:00,Poland,0.418363733443752,2,1,pl,WCE,Europe
'364a1fa5ec',extremes,Storm,#b3b2b1,wmo,fala sztormowa we wschodniej strefie przybrzeżnej,2026-01-31T04:16:00+00:00,Poland,0.4176673082139678,2,1,pl,WCE,Europe
'8b9a93fdef',extremes,Snow&Ice,#d60d2b,wmo,lód województwo lubelskie powiat włodawski,2026-02-03T04:27:00+00:00,Poland,0.4172772837789407,2,1,pl,WCE,Europe
'285d01ed45',extremes,Snow&Ice,#d60d2b,wmo,mróz województwo śląskie powiat teski,2026-01-25T04:06:00+00:00,Poland,0.4172556668491203,3,1,pl,WCE,Europe
'bb659472de',extremes,Snow&Ice,#d60d2b,wmo,śnieg województwo śląskie powiat gliwicki,2026-02-04T04:21:00+00:00,Poland,0.4170349134138753,2,1,pl,WCE,Europe
'5c052c106d',extremes,Snow&Ice,#d60d2b,wmo,śnieg województwo śląskie powiat ruda śląska,2026-02-06T04:27:00+00:00,Poland,0.4170191833202403,2,1,pl,WCE,Europe
'155b280082',extremes,Snow&Ice,#d60d2b,wmo,śnieg województwo łódzkie powiat pajęczański,2026-02-01T04:41:00+00:00,Poland,0.4163760368709702,2,1,pl,WCE,Europe
'b3e9c8f1f4',extremes,Snow&Ice,#d60d2b,wmo,zamarzanie województwo lubelskie powiat zamojski,2026-02-01T04:41:00+00:00,Poland,0.4161095921151945,2,1,pl,WCE,Europe
'ff2c9d70bb',extremes,Snow&Ice,#d60d2b,wmo,lodowe województwo śląskie powiat rybnicki,2026-02-04T04:21:00+00:00,Poland,0.4159137585889888,2,1,pl,WCE,Europe
'4f8a316440',extremes,Snow&Ice,#d60d2b,wmo,śnieg województwo opolskie powiat prudnicki,2026-01-25T04:06:00+00:00,Poland,0.4156379972839475,3,1,pl,WCE,Europe
'bc6b446b91',extremes,Fog,#d60d2b,wmo,mgła województwo śląskie powiat kłobucki,2026-02-06T04:27:00+00:00,Poland,0.4155858693262029,3,1,pl,WCE,Europe
'823b73a9b8',extremes,Snow&Ice,#d60d2b,wmo,śnieg województwo lubelskie powiat chełmski,2026-02-03T04:27:00+00:00,Poland,0.415579400854967,2,1,pl,WCE,Europe
'5d4692d047',extremes,Snow&Ice,#d60d2b,wmo,mróz województwo pomorskie powiat pucki,2026-01-26T04:09:00+00:00,Poland,0.4153704910267731,2,1,pl,WCE,Europe
'370c1d244f',extremes,Snow&Ice,#d60d2b,wmo,zamarzanie województwo śląskie powiat mikołowski,2026-02-04T04:21:00+00:00,Poland,0.4152760761009604,2,1,pl,WCE,Europe
'baad81cc11',extremes,Snow&Ice,#d60d2b,wmo,lód województwo śląskie powiat chorzowski,2026-01-25T04:06:00+00:00,Poland,0.4149679835665684,3,1,pl,WCE,Europe
'd2b09d7d78',extremes,Snow&Ice,#d60d2b,wmo,mróz województwo pomorskie powiat sopocki,2026-02-05T04:27:00+00:00,Poland,0.4147802706055834,2,1,pl,WCE,Europe
'f048b1b503',extremes,Snow&Ice,#d60d2b,wmo,zamarzanie województwo lubuskie powiat nowosolski,2026-02-05T04:27:00+00:00,Poland,0.4145083112683849,2,1,pl,WCE,Europe
'2523efd370',extremes,Snow&Ice,#d60d2b,wmo,śnieg województwo pomorskie powiat gdański,2026-02-05T04:27:00+00:00,Poland,0.4144821596385782,2,1,pl,WCE,Europe
'e4344b4520',extremes,Fog,#d60d2b,wmo,mgła województwo lubelskie powiat łęczyński,2026-01-27T03:58:00+00:00,Poland,0.414403226016205,3,1,pl,WCE,Europe
'4b97775353',extremes,Fog,#d60d2b,wmo,mgła województwo pomorskie powiat chojnicki,2026-01-27T03:58:00+00:00,Poland,0.4143968361402485,3,1,pl,WCE,Europe
'64a7ab1d63',extremes,Snow&Ice,#d60d2b,wmo,mróz województwo śląskie powiat lubliniecki,2026-02-05T04:27:00+00:00,Poland,0.4143557130468692,2,1,pl,WCE,Europe
'6fa246b7ff',extremes,Snow&Ice,#d60d2b,wmo,lód województwo łódzkie powiat łęczycki,2026-02-05T04:27:00+00:00,Poland,0.4142732583705952,2,1,pl,WCE,Europe
'51030ebe61',extremes,Snow&Ice,#d60d2b,wmo,zamarzanie województwo małopolskie powiat olkuski,2026-02-09T04:39:00+00:00,Poland,0.4136631803895907,2,1,pl,WCE,Europe
'72b4ef1248',extremes,Snow&Ice,#d60d2b,wmo,śnieg województwo pomorskie powiat chojnicki,2026-02-03T04:27:00+00:00,Poland,0.4134426767431209,2,1,pl,WCE,Europe
'8921df8663',extremes,Snow&Ice,#d60d2b,wmo,mróz województwo śląskie powiat rybnicki,2026-02-04T04:21:00+00:00,Poland,0.4134345451240183,2,1,pl,WCE,Europe
'69486c5485',extremes,Snow&Ice,#d60d2b,wmo,mróz województwo mazowieckie powiat płoński,2026-01-26T04:09:00+00:00,Poland,0.4133631863955674,2,1,pl,WCE,Europe
'dc5bf960b0',extremes,Snow&Ice,#d60d2b,random,burza śnieżna,2026-01-15T10:39:00+00:00,,0.4133482229547199,2,2,pl,,
'89162b5e5b',extremes,Snow&Ice,#d60d2b,wmo,mróz województwo śląskie powiat żywiecki,2026-01-31T04:16:00+00:00,Poland,0.4130832318693325,2,1,pl,WCE,Europe
'19149b287e',extremes,Snow&Ice,#d60d2b,wmo,śnieg województwo łódzkie powiat sieradzki,2026-01-25T04:06:00+00:00,Poland,0.412622089482447,2,1,pl,WCE,Europe
'1daf8c8e2a',extremes,Snow&Ice,#d60d2b,wmo,zamarzanie województwo śląskie powiat tarnogórski,2026-02-08T04:43:00+00:00,Poland,0.4124480722183208,2,1,pl,WCE,Europe
'afd95fbc90',extremes,Snow&Ice,#d60d2b,wmo,zamarzanie województwo pomorskie powiat słupski,2026-02-05T04:27:00+00:00,Poland,0.4123911778976364,2,1,pl,WCE,Europe
'5009e19686',extremes,Snow&Ice,#d60d2b,wmo,śnieg województwo pomorskie powiat pucki,2026-02-07T04:19:00+00:00,Poland,0.4121682657115603,2,1,pl,WCE,Europe
'8f0ffd338d',extremes,Snow&Ice,#d60d2b,wmo,zamarzanie województwo lubelskie powiat łęczyński,2026-01-27T03:58:00+00:00,Poland,0.4120904412370989,3,1,pl,WCE,Europe
'b00eefc460',extremes,Snow&Ice,#d60d2b,wmo,"lód woj. wielkopolskie, powiat koniński",2026-02-02T04:36:00+00:00,Poland,0.4116795311144966,2,1,pl,WCE,Europe
'f2fb36a2b4',extremes,Snow&Ice,#d60d2b,wmo,lód województwo łódzkie powiat piotrkowski,2026-02-04T04:21:00+00:00,Poland,0.4115196437814553,2,1,pl,WCE,Europe
'e10fd11c21',extremes,Snow&Ice,#d60d2b,wmo,lód województwo śląskie powiat ruda śląska,2026-01-25T04:06:00+00:00,Poland,0.4112793162817679,3,1,pl,WCE,Europe
'b798223806',extremes,Fog,#d60d2b,wmo,mgła województwo mazowieckie powiat płocki,2026-01-27T03:58:00+00:00,Poland,0.4111370788250267,3,1,pl,WCE,Europe
'06eca8dc83',extremes,Snow&Ice,#d60d2b,wmo,śnieg województwo śląskie powiat kłobucki,2026-01-25T04:06:00+00:00,Poland,0.4110874895261286,3,1,pl,WCE,Europe
'6b3658b4c9',extremes,Fog,#d60d2b,wmo,mgła województwo pomorskie powiat gdański,2026-01-27T03:58:00+00:00,Poland,0.4105624190095371,3,1,pl,WCE,Europe
'8a75ed5225',extremes,Fog,#d60d2b,wmo,mgła województwo łódzkie powiat pabianicki,2026-01-27T03:58:00+00:00,Poland,0.4103544090061124,3,1,pl,WCE,Europe
'cbec54141c',extremes,Fog,#d60d2b,wmo,mgła polska,2026-02-06T04:27:00+00:00,Poland,0.4103121622295823,4,1,pl,WCE,Europe
'791e8b5b6b',extremes,Fog,#d60d2b,wmo,mgła województwo lubelskie powiat lubelski,2026-01-27T03:58:00+00:00,Poland,0.4100972952285687,3,1,pl,WCE,Europe
'01a5bf9b78',extremes,Snow&Ice,#d60d2b,wmo,lód województwo śląskie powiat sosnowiecki,2026-02-05T04:27:00+00:00,Poland,0.4099575221204422,2,1,pl,WCE,Europe
'2c1ebce0df',extremes,Snow&Ice,#d60d2b,wmo,zamarzanie województwo śląskie powiat sosnowiecki,2026-02-06T04:27:00+00:00,Poland,0.4099304279402244,2,1,pl,WCE,Europe
'd9851f93bb',extremes,Snow&Ice,#d60d2b,wmo,zamarzanie województwo podlaskie powiat łomżyński,2026-01-22T03:59:00+00:00,Poland,0.4099260798559697,3,1,pl,WCE,Europe
'4b58ecb3be',extremes,Fog,#d60d2b,wmo,mgła województwo lubelskie powiat opolski,2026-01-27T03:58:00+00:00,Poland,0.4097777333363401,3,1,pl,WCE,Europe
'51161f936d',extremes,Snow&Ice,#d60d2b,wmo,śnieg województwo śląskie powiat rybnicki,2026-02-08T04:43:00+00:00,Poland,0.4096945854318619,2,1,pl,WCE,Europe
'91f17db46d',extremes,Snow&Ice,#d60d2b,wmo,lód województwo łódzkie powiat łaski,2026-02-01T04:41:00+00:00,Poland,0.4096397480373527,2,1,pl,WCE,Europe
'dd0f43c761',extremes,Precipitation,#d60d2b,wmo,deszcz Litwa,2026-01-26T04:09:00+00:00,Lithuania,0.4095054924217132,2,1,pl,WCE,Europe
'aa52a7f9c2',extremes,Snow&Ice,#d60d2b,wmo,lód województwo podlaskie powiat grajewski,2026-01-22T03:59:00+00:00,Poland,0.4086247353854412,3,1,pl,WCE,Europe
'a1c4d049be',extremes,Fog,#d60d2b,wmo,mgła województwo mazowieckie powiat miński,2026-01-28T03:56:00+00:00,Poland,0.4081593470794752,3,1,pl,WCE,Europe
'c8f0f06726',extremes,Snow&Ice,#d60d2b,wmo,lód województwo podlaskie powiat białostocki,2026-02-02T04:36:00+00:00,Poland,0.408033923558401,2,1,pl,WCE,Europe
'8126ce611e',extremes,Fog,#d60d2b,wmo,mgła województwo podlaskie powiat moniecki,2026-01-28T03:56:00+00:00,Poland,0.407879933451981,3,1,pl,WCE,Europe
'69ecd11968',extremes,Fog,#d60d2b,wmo,mgła województwo pomorskie powiat tczewski,2026-01-28T03:56:00+00:00,Poland,0.4078405129010169,3,1,pl,WCE,Europe
'202e18ec69',extremes,Snow&Ice,#d60d2b,wmo,śnieg województwo opolskie powiat głubczycki,2026-01-24T03:48:00+00:00,Poland,0.407576787405552,3,1,pl,WCE,Europe
'90ad55f2e0',extremes,Snow&Ice,#d60d2b,wmo,śnieg województwo lubelskie powiat zamojski,2026-01-20T03:56:00+00:00,Poland,0.407489081471014,3,1,pl,WCE,Europe
'5e777bdaf3',extremes,Fog,#d60d2b,wmo,mgła województwo podlaskie powiat łomżyński,2026-01-28T03:56:00+00:00,Poland,0.407417752438841,3,1,pl,WCE,Europe
'30e2ad1cba',extremes,Snow&Ice,#d60d2b,wmo,zamarzanie województwo małopolskie powiat tarnowski,2026-02-15T04:35:00+00:00,Poland,0.4072662366434033,2,1,pl,WCE,Europe
'557ffae686',extremes,Snow&Ice,#d60d2b,wmo,mroźne województwo mazowieckie powiat lipski,2026-01-22T03:59:00+00:00,Poland,0.4072128137810434,3,1,pl,WCE,Europe
'022c5ca459',extremes,Snow&Ice,#d60d2b,wmo,śnieg województwo podlaskie powiat suwalski,2026-01-22T03:59:00+00:00,Poland,0.4070808720049453,3,1,pl,WCE,Europe
'35d720d0d6',extremes,Snow&Ice,#d60d2b,wmo,śnieg województwo śląskie powiat rybnicki,2026-01-25T04:06:00+00:00,Poland,0.4059386196997909,3,1,pl,WCE,Europe
'5c18016c80',extremes,Snow&Ice,#d60d2b,wmo,lód województwo małopolskie powiat tarnowski,2026-01-25T04:06:00+00:00,Poland,0.4057027249009424,3,1,pl,WCE,Europe
'0d6a42b27e',extremes,Snow&Ice,#d60d2b,wmo,śnieg województwo śląskie powiat gliwicki,2026-01-24T03:48:00+00:00,Poland,0.4055272521142003,3,1,pl,WCE,Europe
'1d696f0cbc',extremes,Fog,#d60d2b,wmo,mgła województwo mazowieckie powiat radomski,2026-01-27T03:58:00+00:00,Poland,0.4049763204671508,3,1,pl,WCE,Europe
'207ba5518c',extremes,Snow&Ice,#d60d2b,wmo,zamarzanie województwo śląskie powiat pszczyński,2026-01-25T04:06:00+00:00,Poland,0.4048232474323138,3,1,pl,WCE,Europe
'51740b1fc3',extremes,Snow&Ice,#d60d2b,wmo,zamarzanie województwo lubelskie powiat chełmski,2026-01-22T03:59:00+00:00,Poland,0.4047141585691827,3,1,pl,WCE,Europe
'aec4fb7da2',extremes,Snow&Ice,#d60d2b,wmo,śnieg województwo mazowieckie powiat radomski,2026-01-21T03:56:00+00:00,Poland,0.4045518384269664,3,1,pl,WCE,Europe
'6186340f8e',extremes,Snow&Ice,#d60d2b,wmo,śnieg województwo pomorskie powiat lęborski,2026-02-01T04:41:00+00:00,Poland,0.4030915784506849,3,1,pl,WCE,Europe
'707b96bede',extremes,Snow&Ice,#d60d2b,wmo,lód województwo łódzkie powiat pajęczański,2026-01-24T03:48:00+00:00,Poland,0.4026209407363449,3,1,pl,WCE,Europe
'00a6f9c04b',extremes,Snow&Ice,#d60d2b,wmo,mróz województwo lubelskie powiat kraśnicki,2026-01-19T04:03:00+00:00,Poland,0.4014515201658609,3,1,pl,WCE,Europe
'770c96b617',extremes,Fog,#d60d2b,wmo,mgła województwo podlaskie powiat łomżyński,2026-01-28T03:56:00+00:00,Poland,0.4009075396419784,3,1,pl,WCE,Europe
'8733b35508',extremes,Snow&Ice,#d60d2b,wmo,lód województwo podlaskie powiat bielski,2026-01-22T03:59:00+00:00,Poland,0.3998427498565696,3,1,pl,WCE,Europe
'4242274d46',extremes,Snow&Ice,#d60d2b,wmo,zamarzanie województwo opolskie powiat strzelecki,2026-01-24T03:48:00+00:00,Poland,0.3996558727137899,3,1,pl,WCE,Europe
'11d8faf51c',extremes,Fog,#d60d2b,wmo,mgła województwo lubelskie powiat bialski,2026-01-28T03:56:00+00:00,Poland,0.3991402019110965,3,1,pl,WCE,Europe
'da19986c26',extremes,Fog,#d60d2b,wmo,mgła województwo mazowieckie powiat płoński,2026-01-28T03:56:00+00:00,Poland,0.3990757803001597,3,1,pl,WCE,Europe
'b03fe434cb',extremes,Snow&Ice,#d60d2b,wmo,lód województwo śląskie powiat gliwicki,2026-01-23T04:03:00+00:00,Poland,0.398613099737834,3,1,pl,WCE,Europe
'79bdc86e55',extremes,Snow&Ice,#d60d2b,wmo,lód województwo opolskie powiat nyski,2026-01-24T03:48:00+00:00,Poland,0.3981729292227047,3,1,pl,WCE,Europe
'94f7a8761a',extremes,Snow&Ice,#d60d2b,wmo,mróz województwo podlaskie powiat moniecki,2026-01-19T04:03:00+00:00,Poland,0.3981061942215551,3,1,pl,WCE,Europe
'd664f1a683',extremes,Snow&Ice,#d60d2b,wmo,śnieg województwo podlaskie powiat łomżyński,2026-01-22T03:59:00+00:00,Poland,0.3978320332447658,3,1,pl,WCE,Europe
'563e18675b',extremes,Fog,#d60d2b,wmo,mgła województwo lubelskie powiat rycki,2026-01-27T03:58:00+00:00,Poland,0.3977443644719129,3,1,pl,WCE,Europe
'ff4393faf9',extremes,Fog,#d60d2b,wmo,mgła województwo mazowieckie powiat mławski,2026-01-27T03:58:00+00:00,Poland,0.3977369343450153,3,1,pl,WCE,Europe
'71e290b9b0',extremes,Fog,#d60d2b,wmo,mgła województwo lubelskie powiat zamojski,2026-01-27T03:58:00+00:00,Poland,0.3973879542571926,3,1,pl,WCE,Europe
'cc6a36c3ff',extremes,Snow&Ice,#d60d2b,wmo,zamarzanie województwo śląskie powiat kłobucki,2026-01-24T03:48:00+00:00,Poland,0.3972556368370634,3,1,pl,WCE,Europe
'78d45d3879',extremes,Fog,#d60d2b,wmo,mgła województwo łódzkie powiat opoczyński,2026-01-27T03:58:00+00:00,Poland,0.3970485976007268,3,1,pl,WCE,Europe
'536067cfee',extremes,Fog,#d60d2b,wmo,mgła województwo lubelskie powiat janowski,2026-01-27T03:58:00+00:00,Poland,0.3967872639522565,3,1,pl,WCE,Europe
'ecf7014b6c',extremes,Fog,#d60d2b,wmo,mgła województwo podlaskie powiat sejneński,2026-01-28T03:56:00+00:00,Poland,0.3963350264333463,3,1,pl,WCE,Europe
'5270183ee9',extremes,Snow&Ice,#d60d2b,wmo,zamarzanie województwo lubelskie powiat radzyński,2026-01-18T03:57:00+00:00,Poland,0.3960686983975428,3,1,pl,WCE,Europe
'0c964982cb',extremes,Fog,#d60d2b,wmo,mgła województwo pomorskie powiat malborski,2026-01-27T03:58:00+00:00,Poland,0.3959639053082889,3,1,pl,WCE,Europe
'eb88226bd7',extremes,Snow&Ice,#d60d2b,wmo,lód województwo opolskie powiat oleski,2026-01-24T03:48:00+00:00,Poland,0.3955417636135285,3,1,pl,WCE,Europe
'2a79967ebe',extremes,Fog,#d60d2b,wmo,mgła województwo śląskie powiat pszczyński,2026-02-06T04:27:00+00:00,Poland,0.3955316361861353,3,1,pl,WCE,Europe
'e559ab7ab7',extremes,Snow&Ice,#d60d2b,wmo,mróz województwo łódzkie powiat łowicki,2026-01-22T03:59:00+00:00,Poland,0.3953567385194995,3,1,pl,WCE,Europe
'0187451fe6',extremes,Snow&Ice,#d60d2b,wmo,lód województwo łódzkie powiat rawski,2026-01-22T03:59:00+00:00,Poland,0.3949433126004752,3,1,pl,WCE,Europe
'f838ae753e',extremes,Fog,#d60d2b,wmo,mgła województwo lubelskie powiat kraśnicki,2026-01-27T03:58:00+00:00,Poland,0.3947578096519334,3,1,pl,WCE,Europe
'd997f42a8b',extremes,Snow&Ice,#d60d2b,wmo,mróz województwo lubelskie powiat włodawski,2026-01-21T03:56:00+00:00,Poland,0.3944454700079918,3,1,pl,WCE,Europe
'24aeb33968',extremes,Fog,#d60d2b,wmo,mgła województwo lubelskie powiat chełmski,2026-01-28T03:56:00+00:00,Poland,0.3940061988608783,3,1,pl,WCE,Europe
'1a54176680',extremes,Snow&Ice,#d60d2b,wmo,mróz województwo mazowieckie powiat mławski,2026-01-22T03:59:00+00:00,Poland,0.3935246685951274,3,1,pl,WCE,Europe
'dd4408577a',extremes,Fog,#d60d2b,wmo,mgła województwo podlaskie powiat sokólski,2026-01-28T03:56:00+00:00,Poland,0.3923790947489233,3,1,pl,WCE,Europe
'10607b408c',extremes,Snow&Ice,#d60d2b,wmo,mróz województwo małopolskie powiat brzeski,2026-01-18T03:57:00+00:00,Poland,0.3923464310603287,3,1,pl,WCE,Europe
'13c6d06843',extremes,Snow&Ice,#d60d2b,wmo,zamarzanie województwo lubelskie powiat zamojski,2026-01-19T04:03:00+00:00,Poland,0.392260475668742,3,1,pl,WCE,Europe
'7131771f96',extremes,Snow&Ice,#d60d2b,wmo,śnieg województwo łódzkie powiat opoczyński,2026-01-22T03:59:00+00:00,Poland,0.3921178751807873,3,1,pl,WCE,Europe
'df4c44cd14',extremes,Snow&Ice,#d60d2b,wmo,mróz województwo śląskie powiat sosnowiecki,2026-01-23T04:03:00+00:00,Poland,0.3920538654344162,3,1,pl,WCE,Europe
'3d89e343dd',extremes,Fog,#d60d2b,wmo,mgła województwo małopolskie powiat tarnowski,2026-01-27T03:58:00+00:00,Poland,0.3919217700271147,3,1,pl,WCE,Europe
'15d2c520bc',extremes,Snow&Ice,#d60d2b,wmo,śnieg województwo śląskie powiat mikołowski,2026-01-23T04:03:00+00:00,Poland,0.3915900096837796,3,1,pl,WCE,Europe
'ab8f6ffe1f',extremes,Snow&Ice,#d60d2b,wmo,lodowe województwo śląskie powiat jaworzno,2026-01-24T03:48:00+00:00,Poland,0.3911909193579545,3,1,pl,WCE,Europe
'806c28738e',extremes,Snow&Ice,#d60d2b,wmo,śnieg województwo mazowieckie powiat miński,2026-01-22T03:59:00+00:00,Poland,0.3909753134155661,3,1,pl,WCE,Europe
'20277e0b7a',extremes,Snow&Ice,#d60d2b,wmo,zamarzanie województwo podlaskie powiat białostocki,2026-01-19T04:03:00+00:00,Poland,0.3907512946770644,3,1,pl,WCE,Europe
'7019b99295',extremes,Fog,#d60d2b,wmo,mgła województwo mazowieckie powiat płocki,2026-01-28T03:56:00+00:00,Poland,0.3907487942416706,3,1,pl,WCE,Europe
'9b187888d2',extremes,Snow&Ice,#d60d2b,wmo,zamarzanie województwo lubelskie powiat lubelski,2026-01-22T03:59:00+00:00,Poland,0.3906099640695258,3,1,pl,WCE,Europe
'837da12f3c',extremes,Fog,#d60d2b,wmo,mgła województwo wielkopolskie powiat koniński,2026-01-27T03:58:00+00:00,Poland,0.3905564832231741,3,1,pl,WCE,Europe
'ea0595fbd5',extremes,Snow&Ice,#d60d2b,wmo,mróz województwo śląskie powiat mikołowski,2026-01-24T03:48:00+00:00,Poland,0.3899753686582212,3,1,pl,WCE,Europe
'ff5aceef26',extremes,Snow&Ice,#d60d2b,wmo,zamarzanie województwo lubelskie powiat świdnicki,2026-01-18T03:57:00+00:00,Poland,0.389758775686008,3,1,pl,WCE,Europe
'18c06e985f',extremes,Snow&Ice,#d60d2b,wmo,śnieg województwo lubelskie powiat puławski,2026-01-23T04:03:00+00:00,Poland,0.3894840765609368,3,1,pl,WCE,Europe
'b0415c8389',extremes,Snow&Ice,#d60d2b,wmo,mróz województwo śląskie powiat bytomski,2026-01-24T03:48:00+00:00,Poland,0.3892379146371807,3,1,pl,WCE,Europe
'432920d326',extremes,Snow&Ice,#d60d2b,wmo,śnieg województwo śląskie powiat żywiecki,2026-01-23T04:03:00+00:00,Poland,0.3891744745285525,3,1,pl,WCE,Europe
'349b6e8b98',extremes,Snow&Ice,#d60d2b,wmo,śnieg województwo mazowieckie powiat mławski,2026-02-01T04:41:00+00:00,Poland,0.3889842707587778,3,1,pl,WCE,Europe
'a28d8143c1',extremes,Snow&Ice,#d60d2b,wmo,mroźne województwo śląskie powiat częstochowski,2026-02-02T04:36:00+00:00,Poland,0.3887597357875718,3,1,pl,WCE,Europe
'73f7b2c52b',extremes,Snow&Ice,#d60d2b,wmo,śnieg województwo pomorskie powiat kartuski,2026-01-19T04:03:00+00:00,Poland,0.3884470294520035,3,1,pl,WCE,Europe
'f6e2207dd8',extremes,Snow&Ice,#d60d2b,wmo,śnieg województwo pomorskie powiat tczewski,2026-01-26T04:09:00+00:00,Poland,0.3881524255004934,3,1,pl,WCE,Europe
'8cd652c975',extremes,Snow&Ice,#d60d2b,wmo,zamarzanie województwo podlaskie powiat bielski,2026-01-19T04:03:00+00:00,Poland,0.3875719758140524,3,1,pl,WCE,Europe
'5286cab391',extremes,Snow&Ice,#d60d2b,wmo,mróz województwo pomorskie powiat bytowski,2026-01-21T03:56:00+00:00,Poland,0.3874309396630441,3,1,pl,WCE,Europe
'ee1a91ba39',extremes,Snow&Ice,#d60d2b,wmo,lód województwo łódzkie powiat zgierski,2026-01-24T03:48:00+00:00,Poland,0.3873592252006881,3,1,pl,WCE,Europe
'c50160e937',extremes,Fog,#d60d2b,wmo,mgła województwo lubelskie powiat włodawski,2026-01-28T03:56:00+00:00,Poland,0.3872138673222478,3,1,pl,WCE,Europe
'685d1594c4',extremes,Snow&Ice,#d60d2b,wmo,mróz województwo lubelskie powiat łęczyński,2026-01-22T03:59:00+00:00,Poland,0.3871765279120314,3,1,pl,WCE,Europe
'989cd8d37c',extremes,Snow&Ice,#d60d2b,wmo,"lód województwo lubuskie, powiat sulęciński",2026-01-25T04:06:00+00:00,Poland,0.3870279587612493,3,1,pl,WCE,Europe
'ee4b917196',extremes,Fog,#d60d2b,wmo,mgła województwo lubelskie powiat radzyński,2026-01-27T03:58:00+00:00,Poland,0.38687528864864,3,1,pl,WCE,Europe
'c2acda0433',extremes,Snow&Ice,#d60d2b,wmo,zamarzanie województwo pomorskie powiat sztumski,2026-01-18T03:57:00+00:00,Poland,0.3862922839576724,3,1,pl,WCE,Europe
'1d9c104bbb',extremes,Storm,#b3b2b1,wmo,burza na Litwie,2026-01-15T12:14:00+00:00,Lithuania,0.3860498546287071,2,1,pl,WCE,Europe
'e0ad22dcb3',extremes,Snow&Ice,#d60d2b,wmo,zamarzanie województwo podkarpackie powiat krośnieński,2026-01-24T03:48:00+00:00,Poland,0.3860486984972244,3,1,pl,WCE,Europe
'83526c4b36',extremes,Snow&Ice,#d60d2b,wmo,śnieg województwo śląskie powiat zabrzeski,2026-01-24T03:48:00+00:00,Poland,0.3857527453874568,3,1,pl,WCE,Europe
'668fee067e',extremes,Snow&Ice,#d60d2b,wmo,mróz województwo podkarpackie powiat krośnieński,2026-01-22T03:59:00+00:00,Poland,0.3857405042737989,3,1,pl,WCE,Europe
'f55a8ecb91',extremes,Snow&Ice,#d60d2b,wmo,lód województwo podkarpackie powiat krośnieński,2026-01-18T03:57:00+00:00,Poland,0.3854021741829089,3,1,pl,WCE,Europe
'c3f2723b42',extremes,Fog,#d60d2b,wmo,mgła województwo śląskie powiat żywiecki,2026-01-17T03:44:00+00:00,Poland,0.3851430109652981,2,1,pl,WCE,Europe
'8995b4e7f5',extremes,Snow&Ice,#d60d2b,wmo,śnieg województwo lubelskie powiat bialski,2026-01-22T03:59:00+00:00,Poland,0.3848275198580461,3,1,pl,WCE,Europe
'42a2ab88a5',extremes,Fog,#d60d2b,wmo,mgła województwo łódzkie powiat rawski,2026-01-27T03:58:00+00:00,Poland,0.3846487450458282,3,1,pl,WCE,Europe
'e80a65efed',extremes,Snow&Ice,#d60d2b,wmo,lód województwo lubelskie powiat rycki,2026-01-24T03:48:00+00:00,Poland,0.3846467967468278,3,1,pl,WCE,Europe
'31587e45e7',extremes,Snow&Ice,#d60d2b,wmo,mróz województwo łódzkie powiat rawski,2026-01-23T04:03:00+00:00,Poland,0.3845220321531711,3,1,pl,WCE,Europe
'4c473f18e3',extremes,Snow&Ice,#d60d2b,wmo,śnieg województwo lubelskie powiat łęczyński,2026-02-05T04:27:00+00:00,Poland,0.3842713790400807,3,1,pl,WCE,Europe
'28200d543e',extremes,Snow&Ice,#d60d2b,wmo,mróz województwo opolskie powiat brzeski,2026-01-23T04:03:00+00:00,Poland,0.3841737062599121,3,1,pl,WCE,Europe
'83b8253222',extremes,Snow&Ice,#d60d2b,wmo,lodowe województwo śląskie powiat myszkowski,2026-01-24T03:48:00+00:00,Poland,0.3840738584021896,3,1,pl,WCE,Europe
'cdfe76547e',extremes,Snow&Ice,#d60d2b,wmo,zamarzanie województwo małopolskie powiat krakowski,2026-01-24T03:48:00+00:00,Poland,0.3839194814453287,3,1,pl,WCE,Europe
'2609bda0f2',extremes,Snow&Ice,#d60d2b,wmo,lodowa Polska,2026-01-15T10:56:00+00:00,Poland,0.3838828846792899,2,1,pl,WCE,Europe
'c0ea0632ba',extremes,Heat Wave,#c40202,random,upał,2026-01-15T10:39:00+00:00,,0.3838448279691435,2,1,pl,,
'e217f8117c',extremes,Snow&Ice,#d60d2b,wmo,mróz województwo podkarpackie powiat leski,2026-01-22T03:59:00+00:00,Poland,0.3838409859748534,3,1,pl,WCE,Europe
'50368c68c8',extremes,Fog,#d60d2b,wmo,mgła województwo śląskie powiat bielski,2026-01-17T03:44:00+00:00,Poland,0.383715912287748,2,1,pl,WCE,Europe
'dff13efb85',extremes,Fog,#d60d2b,wmo,mgła województwo śląskie powiat bytomski,2026-01-15T10:56:00+00:00,Poland,0.3834415214589346,2,1,pl,WCE,Europe
'226aacca8d',extremes,Snow&Ice,#d60d2b,wmo,mróz województwo śląskie powiat cieszyński,2026-01-24T03:48:00+00:00,Poland,0.3829289703320598,3,1,pl,WCE,Europe
'9b4588e3b0',extremes,Snow&Ice,#d60d2b,wmo,śnieg województwo lubelskie powiat opolski,2026-01-22T03:59:00+00:00,Poland,0.38288368581578,3,1,pl,WCE,Europe
'937370e5cc',extremes,Snow&Ice,#d60d2b,wmo,mróz województwo lubelskie powiat świdnicki,2026-01-19T04:03:00+00:00,Poland,0.3827531206437041,3,1,pl,WCE,Europe
'1bc6e58fcf',extremes,Snow&Ice,#d60d2b,wmo,mróz województwo łódzkie powiat łęczycki,2026-01-25T04:06:00+00:00,Poland,0.3826081012446528,3,1,pl,WCE,Europe
'c30d27f803',extremes,Fog,#d60d2b,wmo,mgła województwo pomorskie powiat bytowski,2026-01-17T03:44:00+00:00,Poland,0.382413452098379,2,1,pl,WCE,Europe
'05ff3a477b',extremes,Snow&Ice,#d60d2b,wmo,lód województwo łódzkie powiat tomaszowski,2026-01-22T03:59:00+00:00,Poland,0.3823763676593764,3,1,pl,WCE,Europe
'e1fcc83a8b',extremes,Snow&Ice,#d60d2b,wmo,mróz województwo lubelskie powiat janowski,2026-01-19T04:03:00+00:00,Poland,0.3817354169011919,3,1,pl,WCE,Europe
'1cb183fa37',extremes,Snow&Ice,#d60d2b,wmo,lód województwo mazowieckie powiat mławski,2026-02-03T04:27:00+00:00,Poland,0.3816796504807431,3,1,pl,WCE,Europe
'cd1833c752',extremes,Snow&Ice,#d60d2b,wmo,lód województwo podlaskie powiat sejneński,2026-01-31T04:16:00+00:00,Poland,0.3814023438938361,3,1,pl,WCE,Europe
'5af9c71590',extremes,Snow&Ice,#d60d2b,wmo,zamarzanie województwo łódzkie powiat poddębicki,2026-01-24T03:48:00+00:00,Poland,0.3813934040377192,3,1,pl,WCE,Europe
'aa1defb5ea',extremes,Snow&Ice,#d60d2b,wmo,zamarzanie województwo pomorskie powiat słupski,2026-01-26T04:09:00+00:00,Poland,0.3812432512133029,3,1,pl,WCE,Europe
'6040a0114a',extremes,Snow&Ice,#d60d2b,wmo,lód województwo opolskie powiat opolski,2026-01-23T04:03:00+00:00,Poland,0.3810668193583988,3,1,pl,WCE,Europe
'fcb3ddee76',extremes,Snow&Ice,#d60d2b,wmo,śnieg województwo lubelskie powiat rycki,2026-01-22T03:59:00+00:00,Poland,0.380802602777589,3,1,pl,WCE,Europe
'0d95b46f86',extremes,Fog,#d60d2b,wmo,mgła województwo śląskie powiat rybnicki,2026-01-15T10:56:00+00:00,Poland,0.3806212890462908,2,1,pl,WCE,Europe
'a64793d49f',extremes,Snow&Ice,#d60d2b,wmo,śnieg województwo łódzkie powiat kutnowski,2026-01-22T03:59:00+00:00,Poland,0.380471138444406,3,1,pl,WCE,Europe
'b633fa5042',extremes,Snow&Ice,#d60d2b,wmo,zamarzanie województwo pomorskie powiat tczewski,2026-01-23T04:03:00+00:00,Poland,0.3803770612845683,3,1,pl,WCE,Europe
'a0d3737bb8',extremes,Fog,#d60d2b,wmo,mgła województwo małopolskie powiat brzeski,2026-01-17T03:44:00+00:00,Poland,0.3800060646999182,2,1,pl,WCE,Europe
'68a6fd4212',extremes,Fog,#d60d2b,wmo,mgła województwo mazowieckie powiat łosicki,2026-01-28T03:56:00+00:00,Poland,0.3799839724220361,3,1,pl,WCE,Europe
'168eae92c7',extremes,Snow&Ice,#d60d2b,wmo,śnieg województwo podlaskie powiat sejneński,2026-01-26T04:09:00+00:00,Poland,0.3799526305878991,3,1,pl,WCE,Europe
'f448d52438',extremes,Fog,#d60d2b,wmo,mgła województwo śląskie powiat gliwicki,2026-01-17T03:44:00+00:00,Poland,0.3798608057861765,2,1,pl,WCE,Europe
'708957cab1',extremes,Snow&Ice,#d60d2b,wmo,mróz województwo łódzkie powiat pabianicki,2026-01-24T03:48:00+00:00,Poland,0.379791317349735,3,1,pl,WCE,Europe
'786a29022a',extremes,Snow&Ice,#d60d2b,wmo,śnieg województwo mazowieckie powiat lipski,2026-01-24T03:48:00+00:00,Poland,0.3797819270853667,3,1,pl,WCE,Europe
'c50f7d0cff',extremes,Snow&Ice,#d60d2b,wmo,marznące województwo mazowieckie powiat łosicki,2026-02-01T04:41:00+00:00,Poland,0.3792137813449182,3,1,pl,WCE,Europe
'7aa4c506c2',extremes,Fog,#d60d2b,wmo,mgła województwo lubelskie powiat łukowski,2026-01-27T03:58:00+00:00,Poland,0.379205778909172,3,1,pl,WCE,Europe
'8ffb1f01f1',extremes,Snow&Ice,#d60d2b,wmo,mróz województwo lubelskie powiat rycki,2026-01-21T03:56:00+00:00,Poland,0.3791081103699606,3,1,pl,WCE,Europe
'ddd606e304',extremes,Snow&Ice,#d60d2b,wmo,śnieg województwo łódzkie powiat łaski,2026-01-28T03:56:00+00:00,Poland,0.3790965500864918,3,1,pl,WCE,Europe
'f4210b3c81',extremes,Snow&Ice,#d60d2b,wmo,śnieg województwo lubelskie powiat kraśnicki,2026-01-23T04:03:00+00:00,Poland,0.3790854918125871,3,1,pl,WCE,Europe
'66e03a5968',extremes,Snow&Ice,#d60d2b,wmo,lód woj. lubelskie powiat janowski,2026-01-22T03:59:00+00:00,Poland,0.3790768327360232,3,1,pl,WCE,Europe
'519756fc4e',extremes,Snow&Ice,#d60d2b,wmo,śnieg województwo opolskie powiat nyski,2026-01-23T04:03:00+00:00,Poland,0.3787928138715077,3,1,pl,WCE,Europe
'18b90fd5b0',extremes,Snow&Ice,#d60d2b,wmo,mróz województwo podlaskie powiat hajnowski,2026-01-21T03:56:00+00:00,Poland,0.378635438282284,3,1,pl,WCE,Europe
'530ea327ea',extremes,Snow&Ice,#d60d2b,wmo,mróz województwo pomorskie powiat chojnicki,2026-02-01T04:41:00+00:00,Poland,0.3785632811228513,3,1,pl,WCE,Europe
'2a2475f7d4',extremes,Snow&Ice,#d60d2b,wmo,mróz województwo śląskie powiat myszkowski,2026-01-22T03:59:00+00:00,Poland,0.3784530079522874,3,1,pl,WCE,Europe
'2c41cdf547',extremes,Snow&Ice,#d60d2b,wmo,mróz województwo łódzkie powiat kutnowski,2026-01-28T03:56:00+00:00,Poland,0.3784222475452837,3,1,pl,WCE,Europe
'921075f013',extremes,Fog,#d60d2b,wmo,mgła województwo łódzkie powiat kutnowski,2026-01-28T03:56:00+00:00,Poland,0.3783880773230354,3,1,pl,WCE,Europe
'7318c42bac',extremes,Snow&Ice,#d60d2b,wmo,mróz województwo łódzkie powiat piotrkowski,2026-01-24T03:48:00+00:00,Poland,0.3781294593939253,3,1,pl,WCE,Europe
'61d2acb9be',extremes,Snow&Ice,#d60d2b,wmo,marznące województwo mazowieckie powiat otwocki,2026-02-01T04:41:00+00:00,Poland,0.3780724121325829,3,1,pl,WCE,Europe
'd07820c2b1',extremes,Snow&Ice,#d60d2b,wmo,śnieg województwo lubelskie powiat łukowski,2026-01-27T03:58:00+00:00,Poland,0.3779066462677447,3,1,pl,WCE,Europe
'43826a1356',extremes,Snow&Ice,#d60d2b,wmo,zamarzanie województwo podlaskie powiat sejneński,2026-01-20T03:56:00+00:00,Poland,0.3777042329232178,3,1,pl,WCE,Europe
'7841db8d92',extremes,Snow&Ice,#d60d2b,wmo,śnieg województwo lubelskie powiat radzyński,2026-01-20T03:56:00+00:00,Poland,0.3776670864108171,3,1,pl,WCE,Europe
'0fb6297818',extremes,Snow&Ice,#d60d2b,wmo,zamarzanie województwo pomorskie powiat gdański,2026-01-26T04:09:00+00:00,Poland,0.3775156585728896,3,1,pl,WCE,Europe
'efc347011f',extremes,Snow&Ice,#d60d2b,wmo,śnieg województwo łódzkie powiat poddębicki,2026-01-25T04:06:00+00:00,Poland,0.3773423189298584,3,1,pl,WCE,Europe
'af0e073acf',extremes,Snow&Ice,#d60d2b,wmo,zamarzanie województwo opolskie powiat oleski,2026-01-23T04:03:00+00:00,Poland,0.3772520861287877,3,1,pl,WCE,Europe
'f5e20956e6',extremes,Snow&Ice,#d60d2b,wmo,lód województwo łódzkie powiat poddębicki,2026-01-26T04:09:00+00:00,Poland,0.3769042531950578,3,1,pl,WCE,Europe
'10c6616b15',extremes,Snow&Ice,#d60d2b,wmo,lód województwo podlaskie powiat moniecki,2026-01-20T03:56:00+00:00,Poland,0.3766709968377018,3,1,pl,WCE,Europe
'adca100529',extremes,Snow&Ice,#d60d2b,wmo,lód województwo pomorskie powiat bytowski,2026-01-23T04:03:00+00:00,Poland,0.3765307778812624,3,1,pl,WCE,Europe
'462244798d',extremes,Snow&Ice,#d60d2b,wmo,"lodowe województwo śląskie, powiat cieszyński",2026-02-05T04:27:00+00:00,Poland,0.3764449290322405,3,1,pl,WCE,Europe
'7a1a15cf09',extremes,Snow&Ice,#d60d2b,wmo,zamarzanie województwo pomorskie powiat kartuski,2026-01-21T03:56:00+00:00,Poland,0.3763108706876991,3,1,pl,WCE,Europe
'76553c80ab',extremes,Fog,#d60d2b,wmo,mgła województwo mazowieckie powiat lipski,2026-01-27T03:58:00+00:00,Poland,0.3762847481167514,3,1,pl,WCE,Europe
'ed7e88683c',extremes,Snow&Ice,#d60d2b,wmo,zamarzanie województwo lubelskie powiat puławski,2026-01-28T03:56:00+00:00,Poland,0.3762577275069686,3,1,pl,WCE,Europe
'3c9ccbe1ec',extremes,Snow&Ice,#d60d2b,wmo,lód województwo lubelskie powiat bialski,2026-01-17T03:44:00+00:00,Poland,0.3762228616776774,2,1,pl,WCE,Europe
'e09948112a',extremes,Snow&Ice,#d60d2b,wmo,zamarzanie województwo podlaskie powiat sokólski,2026-01-20T03:56:00+00:00,Poland,0.3761143588733709,3,1,pl,WCE,Europe
'4e591f1b29',extremes,Snow&Ice,#d60d2b,wmo,lód województwo lubelskie powiat chełmski,2026-01-25T04:06:00+00:00,Poland,0.375761327284367,3,1,pl,WCE,Europe
'fe22d3d60b',extremes,Snow&Ice,#d60d2b,wmo,śnieg województwo mazowieckie powiat płocki,2026-02-02T04:36:00+00:00,Poland,0.3755196470144193,3,1,pl,WCE,Europe
'20741ce7eb',extremes,Tsunami,#690191,random,tsunami,2026-01-15T10:39:00+00:00,,0.3753799691951728,2,2,pl,,
'bef742ef8f',extremes,Snow&Ice,#d60d2b,wmo,śnieg województwo śląskie powiat teski,2026-01-23T04:03:00+00:00,Poland,0.3753205635841139,3,1,pl,WCE,Europe
'bbb6d5051c',extremes,Snow&Ice,#d60d2b,wmo,lód województwo podlaskie powiat suwalski,2026-01-30T04:21:00+00:00,Poland,0.3752912982261285,3,1,pl,WCE,Europe
'6c33002aaa',extremes,Snow&Ice,#d60d2b,wmo,zamarzanie województwo łódzkie powiat sieradzki,2026-02-05T04:27:00+00:00,Poland,0.3752848612895893,3,1,pl,WCE,Europe
'7d0ece17c2',extremes,Snow&Ice,#d60d2b,wmo,marznące województwo mazowieckie powiat płocki,2026-01-22T03:59:00+00:00,Poland,0.3751897828996833,3,1,pl,WCE,Europe
'0407d33310',extremes,Snow&Ice,#d60d2b,wmo,lód województwo łódzkie powiat sieradzki,2026-01-23T04:03:00+00:00,Poland,0.3751061391765286,3,1,pl,WCE,Europe
'0c47c83dd7',extremes,Snow&Ice,#d60d2b,wmo,zamarzanie województwo małopolskie powiat suski,2026-01-21T03:56:00+00:00,Poland,0.375058645266227,3,1,pl,WCE,Europe
'4574162833',extremes,Snow&Ice,#d60d2b,wmo,zamarzanie województwo pomorskie powiat gdański,2026-02-01T04:41:00+00:00,Poland,0.3749534610002518,3,1,pl,WCE,Europe
'c6b3221e2d',extremes,Snow&Ice,#d60d2b,wmo,mróz województwo lubelskie powiat chełmski,2026-01-17T03:44:00+00:00,Poland,0.3748843230616736,2,1,pl,WCE,Europe
'1a22688610',extremes,Snow&Ice,#d60d2b,wmo,zamarzanie województwo podlaskie powiat suwałki,2026-01-28T03:56:00+00:00,Poland,0.374849604091545,3,1,pl,WCE,Europe
'9181d04e57',extremes,Snow&Ice,#d60d2b,wmo,mróz województwo lubelskie powiat zamojski,2026-01-18T03:57:00+00:00,Poland,0.3745733996218148,3,1,pl,WCE,Europe
'beda5697bb',extremes,Fog,#d60d2b,wmo,mgła województwo opolskie powiat nyski,2026-01-18T03:57:00+00:00,Poland,0.3744949415413274,3,1,pl,WCE,Europe
'96d2217499',extremes,Snow&Ice,#d60d2b,wmo,zamarzanie województwo mazowieckie powiat siedlecki,2026-01-19T04:03:00+00:00,Poland,0.3743057199180785,3,1,pl,WCE,Europe
'98db96b6de',extremes,Drought,#edc291,edo,susza na Litwie,2026-01-15T12:14:00+00:00,Lithuania,0.3742591391501497,2,1,pl,WCE,Europe
'44cd5d2fba',extremes,Snow&Ice,#d60d2b,wmo,lód województwo mazowieckie powiat łosicki,2026-01-21T03:56:00+00:00,Poland,0.3741963613026954,3,1,pl,WCE,Europe
'd6b737433d',extremes,Snow&Ice,#d60d2b,wmo,śnieg województwo lubelskie powiat lubelski,2026-01-26T04:09:00+00:00,Poland,0.3737568088791234,3,1,pl,WCE,Europe
'9ed898ddc3',extremes,Snow&Ice,#d60d2b,wmo,śnieg województwo łódzkie powiat łódzki,2026-01-25T04:06:00+00:00,Poland,0.3737326796057812,3,1,pl,WCE,Europe
'14d767e0ed',extremes,Snow&Ice,#d60d2b,wmo,mróz województwo małopolskie powiat olkuski,2026-01-20T03:56:00+00:00,Poland,0.3737150628147315,3,1,pl,WCE,Europe
'3341eacfca',extremes,Snow&Ice,#d60d2b,wmo,śnieg województwo śląskie powiat chorzowski,2026-01-23T04:03:00+00:00,Poland,0.37371172019282,3,1,pl,WCE,Europe
'e4a8ea9d74',extremes,Snow&Ice,#d60d2b,wmo,mróz województwo śląskie powiat rybnicki,2026-01-23T04:03:00+00:00,Poland,0.3735976845154589,3,1,pl,WCE,Europe
'700f0dd286',extremes,Snow&Ice,#d60d2b,wmo,lód województwo lubelskie powiat zamojski,2026-01-19T04:03:00+00:00,Poland,0.3731850957270917,3,1,pl,WCE,Europe
'4fc136cafb',extremes,Snow&Ice,#d60d2b,wmo,lód województwo podlaskie powiat hajnowski,2026-01-20T03:56:00+00:00,Poland,0.3729839137811713,3,1,pl,WCE,Europe
'8e18d66e93',extremes,Snow&Ice,#d60d2b,wmo,śnieg województwo łódzkie powiat piotrkowski,2026-01-22T03:59:00+00:00,Poland,0.3727438526581811,3,1,pl,WCE,Europe
'0819532a21',extremes,Snow&Ice,#d60d2b,wmo,śnieg województwo śląskie powiat sosnowiecki,2026-01-17T03:44:00+00:00,Poland,0.3725964965730818,2,1,pl,WCE,Europe
'1edf73df91',extremes,Snow&Ice,#d60d2b,wmo,mróz województwo lubelskie powiat bialski,2026-01-18T03:57:00+00:00,Poland,0.3723030255413741,3,1,pl,WCE,Europe
'40b7000e71',extremes,Storm,#b3b2b1,wmo,fala sztormowa w polsce,2026-01-18T03:57:00+00:00,Poland,0.3722908255961965,3,1,pl,WCE,Europe
'c130edfbda',extremes,Snow&Ice,#d60d2b,wmo,lód województwo podkarpackie powiat leski,2026-01-17T03:44:00+00:00,Poland,0.3721953619856755,2,1,pl,WCE,Europe
'b3a4bb0980',extremes,Snow&Ice,#d60d2b,wmo,śnieg województwo lubuskie powiat wschowski,2026-02-05T04:27:00+00:00,Poland,0.3719594313940276,3,1,pl,WCE,Europe
'4f97bb249d',extremes,Snow&Ice,#d60d2b,wmo,mróz województwo pomorskie powiat kartuski,2026-02-01T04:41:00+00:00,Poland,0.3718960579589782,3,1,pl,WCE,Europe
'ec20668b2b',extremes,Snow&Ice,#d60d2b,wmo,śnieg województwo podlaskie powiat grajewski,2026-01-20T03:56:00+00:00,Poland,0.3716156854341358,3,1,pl,WCE,Europe
'04f021c37f',extremes,Snow&Ice,#d60d2b,wmo,mróz województwo małopolskie powiat suski,2026-01-19T04:03:00+00:00,Poland,0.3714479760365637,3,1,pl,WCE,Europe
'b9a4c91d4a',extremes,Snow&Ice,#d60d2b,wmo,zamarzanie województwo lubelskie powiat chełmski,2026-01-18T03:57:00+00:00,Poland,0.3714352760354267,3,1,pl,WCE,Europe
'd4ce86f0af',extremes,Snow&Ice,#d60d2b,wmo,"marznące województwo opolskie, powiat głubczycki",2026-01-23T04:03:00+00:00,Poland,0.3713417224581679,3,1,pl,WCE,Europe
'9ba04cf0ba',extremes,Snow&Ice,#d60d2b,wmo,zamarzanie województwo lubuskie powiat gorzowski,2026-01-25T04:06:00+00:00,Poland,0.3711680921128856,3,1,pl,WCE,Europe
'2e2f2d564a',extremes,Snow&Ice,#d60d2b,wmo,śnieg województwo łódzkie powiat tomaszowski,2026-01-19T04:03:00+00:00,Poland,0.3711276807871632,3,1,pl,WCE,Europe
'3fe481b522',extremes,Storm,#b3b2b1,wmo,fala sztormowa w środkowej strefie przybrzeżnej,2026-01-23T04:03:00+00:00,Poland,0.3711115168963302,3,1,pl,WCE,Europe
'8bf6ed1524',extremes,Snow&Ice,#d60d2b,wmo,śnieg województwo podlaskie powiat łomżyński,2026-01-20T03:56:00+00:00,Poland,0.3711042895142836,3,1,pl,WCE,Europe
'd3a4e81067',extremes,Snow&Ice,#d60d2b,wmo,śnieg województwo pomorskie powiat sztumski,2026-01-20T03:56:00+00:00,Poland,0.3710333958670629,3,1,pl,WCE,Europe
'b5bdc8085e',extremes,Snow&Ice,#d60d2b,wmo,mróz województwo pomorskie powiat gdański,2026-01-20T03:56:00+00:00,Poland,0.3709217292618303,3,1,pl,WCE,Europe
'29744de20f',extremes,Snow&Ice,#d60d2b,wmo,mróz województwo podlaskie powiat suwalski,2026-01-18T03:57:00+00:00,Poland,0.370680392280982,3,1,pl,WCE,Europe
'8d76ba7fc8',extremes,Snow&Ice,#d60d2b,wmo,lód województwo mazowieckie powiat płocki,2026-01-19T04:03:00+00:00,Poland,0.3706125047899306,3,1,pl,WCE,Europe
'1c4e7fb6c7',extremes,Fog,#d60d2b,wmo,mgła na Litwie,2026-01-21T03:56:00+00:00,Lithuania,0.3706084529635263,3,1,pl,WCE,Europe
'93f5270a85',extremes,Snow&Ice,#d60d2b,wmo,lód województwo podlaskie powiat suwałki,2026-01-17T03:44:00+00:00,Poland,0.3704401592988552,2,1,pl,WCE,Europe
'4becfeea27',extremes,Snow&Ice,#d60d2b,wmo,zamarzanie województwo lubelskie powiat janowski,2026-01-23T04:03:00+00:00,Poland,0.3703294145456612,3,1,pl,WCE,Europe
'b2a54f2f57',extremes,Snow&Ice,#d60d2b,wmo,lód województwo mazowieckie powiat płocki,2026-02-08T04:43:00+00:00,Poland,0.3701925829261314,3,1,pl,WCE,Europe
'6f1dc45868',extremes,Snow&Ice,#d60d2b,wmo,zamarzanie województwo lubelskie powiat bialski,2026-01-31T04:16:00+00:00,Poland,0.3699374981403922,3,1,pl,WCE,Europe
'dd4dcea7a9',extremes,Snow&Ice,#d60d2b,wmo,mróz województwo śląskie powiat zabrzeski,2026-01-23T04:03:00+00:00,Poland,0.3696600341475969,3,1,pl,WCE,Europe
'84e0f4bd99',extremes,Snow&Ice,#d60d2b,wmo,"śnieg województwo pomorskie, powiat sopocki",2026-02-06T04:27:00+00:00,Poland,0.3695202927686805,3,1,pl,WCE,Europe
'a79b5b0c32',extremes,Snow&Ice,#d60d2b,wmo,mróz województwo łódzkie powiat łódzki,2026-01-28T03:56:00+00:00,Poland,0.3689863959864369,3,1,pl,WCE,Europe
'99ef12c386',extremes,Snow&Ice,#d60d2b,wmo,mróz województwo mazowieckie powiat otwocki,2026-01-21T03:56:00+00:00,Poland,0.368689790458784,3,1,pl,WCE,Europe
'1e41fa0aea',extremes,Snow&Ice,#d60d2b,wmo,śnieg województwo podlaskie powiat suwałki,2026-01-20T03:56:00+00:00,Poland,0.3685875058969664,3,1,pl,WCE,Europe
'98dc81fabf',extremes,Snow&Ice,#d60d2b,wmo,mróz województwo lubelskie powiat zamojski,2026-01-23T04:03:00+00:00,Poland,0.3685788675942206,3,1,pl,WCE,Europe
'a1e046aab0',extremes,Snow&Ice,#d60d2b,wmo,śnieg województwo małopolskie powiat olkuski,2026-01-21T03:56:00+00:00,Poland,0.368442402203287,3,1,pl,WCE,Europe
'c4eba29073',extremes,Snow&Ice,#d60d2b,wmo,śnieg województwo łódzkie powiat łęczycki,2026-01-22T03:59:00+00:00,Poland,0.3684063342054057,3,1,pl,WCE,Europe
'70cf0fdb4b',extremes,Snow&Ice,#d60d2b,wmo,mróz województwo podlaskie powiat białostocki,2026-01-18T03:57:00+00:00,Poland,0.3682590379055888,3,1,pl,WCE,Europe
'59e71b9de8',extremes,Snow&Ice,#d60d2b,wmo,lód województwo śląskie powiat mysłowicki,2026-01-23T04:03:00+00:00,Poland,0.3680342267268114,3,1,pl,WCE,Europe
'623e8986fb',extremes,Snow&Ice,#d60d2b,wmo,lód województwo śląskie powiat tarnogórski,2026-02-04T04:21:00+00:00,Poland,0.3679894681769551,3,1,pl,WCE,Europe
'7141e1fa81',extremes,Snow&Ice,#d60d2b,wmo,zamarzanie województwo podlaskie powiat moniecki,2026-01-18T03:57:00+00:00,Poland,0.3674517386458786,3,1,pl,WCE,Europe
'4ed88d35e3',extremes,Snow&Ice,#d60d2b,wmo,zamarzanie województwo śląskie powiat żorski,2026-01-23T04:03:00+00:00,Poland,0.3674489794443168,4,1,pl,WCE,Europe
'8cefa7544e',extremes,Snow&Ice,#d60d2b,wmo,mróz województwo łódzkie powiat pajęczański,2026-01-23T04:03:00+00:00,Poland,0.3672967116522317,3,1,pl,WCE,Europe
'cb344d9421',extremes,Snow&Ice,#d60d2b,wmo,zamarzanie województwo podlaskie powiat hajnowski,2026-01-26T04:09:00+00:00,Poland,0.3672081316916446,3,1,pl,WCE,Europe
'bfd37e3de8',extremes,Snow&Ice,#d60d2b,wmo,śnieg województwo mazowieckie powiat płocki,2026-01-18T03:57:00+00:00,Poland,0.3671780152347454,3,1,pl,WCE,Europe
'70d725364c',extremes,Snow&Ice,#d60d2b,wmo,zamarzanie województwo łódzkie powiat tomaszowski,2026-01-21T03:56:00+00:00,Poland,0.3668095355718435,3,1,pl,WCE,Europe
'0ac109bff8',extremes,Snow&Ice,#d60d2b,wmo,mróz województwo mazowieckie powiat miński,2026-01-21T03:56:00+00:00,Poland,0.3663716722393701,3,1,pl,WCE,Europe
'f992854a6e',extremes,Snow&Ice,#d60d2b,wmo,lód województwo mazowieckie powiat lipski,2026-01-18T03:57:00+00:00,Poland,0.3663276843387094,3,1,pl,WCE,Europe
'ba34644baa',extremes,Snow&Ice,#d60d2b,wmo,mróz województwo podlaskie powiat suwałki,2026-01-25T04:06:00+00:00,Poland,0.3661645563966922,3,1,pl,WCE,Europe
'b083832247',extremes,Snow&Ice,#d60d2b,wmo,zamarzanie województwo łódzkie powiat pajęczański,2026-01-25T04:06:00+00:00,Poland,0.3658209397817656,3,1,pl,WCE,Europe
'1252054222',extremes,Snow&Ice,#d60d2b,wmo,śnieg województwo lubelskie powiat chełmski,2026-01-21T03:56:00+00:00,Poland,0.3653074848043672,3,1,pl,WCE,Europe
'cda66d75b2',extremes,Snow&Ice,#d60d2b,wmo,śnieg województwo mazowieckie powiat siedlecki,2026-01-31T04:16:00+00:00,Poland,0.3652712766958135,3,1,pl,WCE,Europe
'58e8c6f4e8',extremes,Snow&Ice,#d60d2b,wmo,zamarzanie województwo pomorskie powiat malborski,2026-02-04T04:21:00+00:00,Poland,0.3646042967738996,3,1,pl,WCE,Europe
'1d9c77c5ad',extremes,Snow&Ice,#d60d2b,wmo,śnieg województwo pomorskie powiat gdański,2026-02-02T04:36:00+00:00,Poland,0.3641779146864721,3,1,pl,WCE,Europe
'e97ef9a189',extremes,Snow&Ice,#d60d2b,wmo,zamarzanie województwo śląskie powiat mysłowicki,2026-02-05T04:27:00+00:00,Poland,0.3639458843071854,3,1,pl,WCE,Europe
'2b45299f73',extremes,Snow&Ice,#d60d2b,wmo,śnieg województwo podlaskie powiat sokólski,2026-01-27T03:58:00+00:00,Poland,0.3639248650622225,3,1,pl,WCE,Europe
'b8837c167a',extremes,Snow&Ice,#d60d2b,wmo,mróz województwo podlaskie powiat łomżyński,2026-01-26T04:09:00+00:00,Poland,0.3639164425087388,3,1,pl,WCE,Europe
'b7e66f34e3',extremes,Snow&Ice,#d60d2b,wmo,śnieg województwo podlaskie powiat kolneński,2026-01-20T03:56:00+00:00,Poland,0.36378418431901,3,1,pl,WCE,Europe
'c0060cc512',extremes,Snow&Ice,#d60d2b,wmo,mróz województwo lubelskie powiat chełmski,2026-01-26T04:09:00+00:00,Poland,0.3635446630674104,3,1,pl,WCE,Europe
'ee4589b82c',extremes,Snow&Ice,#d60d2b,wmo,śnieg województwo podlaskie powiat hajnowski,2026-01-19T04:03:00+00:00,Poland,0.3630838944660003,3,1,pl,WCE,Europe
'5ad93cfc99',extremes,Snow&Ice,#d60d2b,wmo,lód województwo pomorskie powiat słupski,2026-02-01T04:41:00+00:00,Poland,0.3630814748820318,3,1,pl,WCE,Europe
'f311d39506',extremes,Fog,#d60d2b,wmo,mgła województwo opolskie powiat strzelecki,2026-02-06T04:27:00+00:00,Poland,0.3625579939249171,4,1,pl,WCE,Europe
'e3394ca0a5',extremes,Snow&Ice,#d60d2b,wmo,zamarzanie województwo mazowieckie powiat radomski,2026-02-08T04:43:00+00:00,Poland,0.362344660693961,3,1,pl,WCE,Europe
'cf7528666b',extremes,Fog,#d60d2b,wmo,mgła powiat alytusski powiat wileński,2026-01-27T03:58:00+00:00,Lithuania,0.3618781750730177,3,1,pl,WCE,Europe
'ae346b2394',extremes,Snow&Ice,#d60d2b,wmo,zamarzanie województwo śląskie powiat lubliniecki,2026-02-01T04:41:00+00:00,Poland,0.3616315043515135,3,1,pl,WCE,Europe
'bb79ce5cba',extremes,Snow&Ice,#d60d2b,wmo,marznące województwo mazowieckie powiat mławski,2026-01-18T03:57:00+00:00,Poland,0.3614390326070634,3,1,pl,WCE,Europe
'aec83c381a',extremes,Snow&Ice,#d60d2b,wmo,marznące województwo mazowieckie powiat miński,2026-01-18T03:57:00+00:00,Poland,0.3603980370629436,3,1,pl,WCE,Europe
'1c38b19449',extremes,Storm,#b3b2b1,random,miski kurzu,2026-01-15T10:39:00+00:00,,0.3601837842170416,2,1,pl,,
'09fb4c4bb9',extremes,Snow&Ice,#d60d2b,wmo,śnieg województwo łódzkie powiat pabianicki,2026-01-25T04:06:00+00:00,Poland,0.3599187469331447,3,1,pl,WCE,Europe
'2bd16e4e2e',extremes,Snow&Ice,#d60d2b,wmo,śnieg województwo śląskie powiat bytomski,2026-02-05T04:27:00+00:00,Poland,0.3594435370601756,3,1,pl,WCE,Europe
'ccf1a1ab93',extremes,Snow&Ice,#d60d2b,wmo,śnieg województwo śląskie powiat myszkowski,2026-01-25T04:06:00+00:00,Poland,0.3593163530657651,4,1,pl,WCE,Europe
'95ba117357',extremes,Snow&Ice,#d60d2b,wmo,śnieg województwo śląskie powiat tarnogórski,2026-01-25T04:06:00+00:00,Poland,0.3546131445374986,4,1,pl,WCE,Europe
'5456e9b47a',extremes,Snow&Ice,#d60d2b,wmo,mróz województwo łódzkie powiat sieradzki,2026-01-28T03:56:00+00:00,Poland,0.3533808437288294,3,1,pl,WCE,Europe
'0143af058b',extremes,Fog,#d60d2b,wmo,mgła województwo śląskie powiat raciborski,2026-02-06T04:27:00+00:00,Poland,0.3529204576811599,4,1,pl,WCE,Europe
'fb5c8d8b3d',extremes,Snow&Ice,#d60d2b,wmo,mróz województwo śląskie powiat będziński,2026-01-25T04:06:00+00:00,Poland,0.3508473067917675,4,1,pl,WCE,Europe
'82d648b882',extremes,Drought,#edc291,random,susza,2026-01-15T10:39:00+00:00,,0.3503154608962373,2,1,pl,,
'a4fa598711',extremes,Fog,#d60d2b,wmo,mgła województwo łódzkie powiat tomaszowski,2026-01-27T03:58:00+00:00,Poland,0.3468148521653815,4,1,pl,WCE,Europe
'70016db322',extremes,Fog,#d60d2b,wmo,mgła województwo lubelskie powiat lubelski,2026-01-28T03:56:00+00:00,Poland,0.3424466641657579,4,1,pl,WCE,Europe
'541f5b6e8f',extremes,Fog,#d60d2b,wmo,mgła województwo podlaskie powiat suwałki,2026-01-28T03:56:00+00:00,Poland,0.3380043402174572,4,1,pl,WCE,Europe
'8992b0fc46',extremes,Snow&Ice,#d60d2b,wmo,lód województwo śląskie powiat raciborski,2026-01-23T04:03:00+00:00,Poland,0.3378459145096452,4,1,pl,WCE,Europe
'8352f2224a',extremes,Fog,#d60d2b,wmo,mgła województwo pomorskie powiat gdański,2026-01-27T03:58:00+00:00,Poland,0.3376424022564425,4,1,pl,WCE,Europe
'bbd4a375d5',extremes,Snow&Ice,#d60d2b,wmo,zamarzanie województwo wielkopolskie powiat koniński,2026-01-26T04:09:00+00:00,Poland,0.3291042718230084,4,1,pl,WCE,Europe
'e160088f17',extremes,Drought,#edc291,edo,okres suszy na Ukrainie,2026-01-15T10:57:00+00:00,Ukraine,0.3273466033988833,2,1,pl,WCE,Europe
'151abfe1db',extremes,Fog,#d60d2b,wmo,mgła województwo pomorskie powiat kartuski,2026-01-17T03:44:00+00:00,Poland,0.3258911352808311,3,1,pl,WCE,Europe
'aeb53dbe9e',extremes,Snow&Ice,#d60d2b,wmo,lód województwo mazowieckie powiat płoński,2026-02-01T04:41:00+00:00,Poland,0.3257911309869514,4,1,pl,WCE,Europe
'0fb6038052',extremes,Snow&Ice,#d60d2b,wmo,lód województwo łódzkie powiat wieluński,2026-01-23T04:03:00+00:00,Poland,0.3223000781944892,4,1,pl,WCE,Europe
'69108c70c1',extremes,Snow&Ice,#d60d2b,wmo,lód województwo podlaskie powiat sokólski,2026-01-25T04:06:00+00:00,Poland,0.3217252915640429,4,1,pl,WCE,Europe
'b6cef22543',extremes,Drought,#edc291,random,ograniczenie wody,2026-01-15T10:20:00+00:00,,0.2109950517057249,2,2,pl,,
